--zamestnanec
insert into zamestnanec (id_zamestnanec, jmeno, prijmeni, plat) values (1, 'Adda', 'Proschek', 53190);
insert into zamestnanec (id_zamestnanec, jmeno, prijmeni, plat) values (2, 'Casi', 'Sherville', 38092);
insert into zamestnanec (id_zamestnanec, jmeno, prijmeni, plat) values (3, 'Inigo', 'Caret', 41019);
insert into zamestnanec (id_zamestnanec, jmeno, prijmeni, plat) values (4, 'Anetta', 'Buckner', 83907);
insert into zamestnanec (id_zamestnanec, jmeno, prijmeni, plat) values (5, 'Hynda', 'McGebenay', 21848);
insert into zamestnanec (id_zamestnanec, jmeno, prijmeni, plat) values (6, 'Addy', 'Fennelly', 81391);
insert into zamestnanec (id_zamestnanec, jmeno, prijmeni, plat) values (7, 'Brennan', 'Douris', 11063);
insert into zamestnanec (id_zamestnanec, jmeno, prijmeni, plat) values (8, 'Alexis', 'Fish', 26450);
insert into zamestnanec (id_zamestnanec, jmeno, prijmeni, plat) values (9, 'Hannis', 'Masden', 51243);
insert into zamestnanec (id_zamestnanec, jmeno, prijmeni, plat) values (10, 'Terza', 'Cowderoy', 68527);
insert into zamestnanec (id_zamestnanec, jmeno, prijmeni, plat) values (11, 'Rorke', 'Luffman', 82387);
insert into zamestnanec (id_zamestnanec, jmeno, prijmeni, plat) values (12, 'Nicolea', 'Kyllford', 95146);
insert into zamestnanec (id_zamestnanec, jmeno, prijmeni, plat) values (13, 'Alex', 'Tunney', 58631);
insert into zamestnanec (id_zamestnanec, jmeno, prijmeni, plat) values (14, 'Dominga', 'Gohier', 33484);
insert into zamestnanec (id_zamestnanec, jmeno, prijmeni, plat) values (15, 'Tiffani', 'Dominey', 62641);
insert into zamestnanec (id_zamestnanec, jmeno, prijmeni, plat) values (16, 'Noell', 'Plewman', 73597);
insert into zamestnanec (id_zamestnanec, jmeno, prijmeni, plat) values (17, 'Reeva', 'Calwell', 32241);
insert into zamestnanec (id_zamestnanec, jmeno, prijmeni, plat) values (18, 'Ortensia', 'Slowey', 82517);
insert into zamestnanec (id_zamestnanec, jmeno, prijmeni, plat) values (19, 'Bella', 'Mougin', 12083);
insert into zamestnanec (id_zamestnanec, jmeno, prijmeni, plat) values (20, 'Jereme', 'Blacklawe', 46398);
insert into zamestnanec (id_zamestnanec, jmeno, prijmeni, plat) values (21, 'Nichole', 'Hrinishin', 43077);
insert into zamestnanec (id_zamestnanec, jmeno, prijmeni, plat) values (22, 'Glenn', 'Joannidi', 26035);
insert into zamestnanec (id_zamestnanec, jmeno, prijmeni, plat) values (23, 'Cassaundra', 'Cann', 69006);
insert into zamestnanec (id_zamestnanec, jmeno, prijmeni, plat) values (24, 'Hollyanne', 'McElory', 14697);
insert into zamestnanec (id_zamestnanec, jmeno, prijmeni, plat) values (25, 'Elfrida', 'Feldstein', 63599);
insert into zamestnanec (id_zamestnanec, jmeno, prijmeni, plat) values (26, 'Koral', 'Mathivon', 54763);
insert into zamestnanec (id_zamestnanec, jmeno, prijmeni, plat) values (27, 'Booth', 'Normandale', 52465);
insert into zamestnanec (id_zamestnanec, jmeno, prijmeni, plat) values (28, 'Aubrette', 'Moulds', 51879);
insert into zamestnanec (id_zamestnanec, jmeno, prijmeni, plat) values (29, 'Wittie', 'Whittet', 93845);
insert into zamestnanec (id_zamestnanec, jmeno, prijmeni, plat) values (30, 'Oran', 'Kullmann', 26969);
insert into zamestnanec (id_zamestnanec, jmeno, prijmeni, plat) values (31, 'Krystyna', 'Hogbourne', 72046);
insert into zamestnanec (id_zamestnanec, jmeno, prijmeni, plat) values (32, 'Tildie', 'Eliasson', 47985);
insert into zamestnanec (id_zamestnanec, jmeno, prijmeni, plat) values (33, 'Aggie', 'Grigoroni', 51187);
insert into zamestnanec (id_zamestnanec, jmeno, prijmeni, plat) values (34, 'Kaela', 'Dolbey', 84056);
insert into zamestnanec (id_zamestnanec, jmeno, prijmeni, plat) values (35, 'Arvin', 'Jennaroy', 38157);
insert into zamestnanec (id_zamestnanec, jmeno, prijmeni, plat) values (36, 'Claudian', 'Hallawell', 85559);
insert into zamestnanec (id_zamestnanec, jmeno, prijmeni, plat) values (37, 'Brig', 'Camolli', 65838);
insert into zamestnanec (id_zamestnanec, jmeno, prijmeni, plat) values (38, 'Anna-diana', 'Grout', 32788);
insert into zamestnanec (id_zamestnanec, jmeno, prijmeni, plat) values (39, 'Lyn', 'Priddey', 65929);
insert into zamestnanec (id_zamestnanec, jmeno, prijmeni, plat) values (40, 'Chloe', 'Blasgen', 12166);
insert into zamestnanec (id_zamestnanec, jmeno, prijmeni, plat) values (41, 'Merwyn', 'Piddocke', 67738);
insert into zamestnanec (id_zamestnanec, jmeno, prijmeni, plat) values (42, 'Mariejeanne', 'Garrelts', 29398);
insert into zamestnanec (id_zamestnanec, jmeno, prijmeni, plat) values (43, 'Leonidas', 'Humburton', 95077);
insert into zamestnanec (id_zamestnanec, jmeno, prijmeni, plat) values (44, 'Ashla', 'Pearlman', 36416);
insert into zamestnanec (id_zamestnanec, jmeno, prijmeni, plat) values (45, 'Milena', 'Tanner', 83046);
insert into zamestnanec (id_zamestnanec, jmeno, prijmeni, plat) values (46, 'Catarina', 'Hovington', 97562);
insert into zamestnanec (id_zamestnanec, jmeno, prijmeni, plat) values (47, 'Helaina', 'Whelpdale', 76277);
insert into zamestnanec (id_zamestnanec, jmeno, prijmeni, plat) values (48, 'Leroi', 'Lebbon', 96503);
insert into zamestnanec (id_zamestnanec, jmeno, prijmeni, plat) values (49, 'Roth', 'Fendley', 18170);
insert into zamestnanec (id_zamestnanec, jmeno, prijmeni, plat) values (50, 'Walliw', 'Madgewick', 13103);
insert into zamestnanec (id_zamestnanec, jmeno, prijmeni, plat) values (51, 'Arden', 'Waren', 94481);
insert into zamestnanec (id_zamestnanec, jmeno, prijmeni, plat) values (52, 'Richart', 'O''Docherty', 53934);
insert into zamestnanec (id_zamestnanec, jmeno, prijmeni, plat) values (53, 'Katharine', 'Avramovitz', 82838);
insert into zamestnanec (id_zamestnanec, jmeno, prijmeni, plat) values (54, 'Ludovico', 'Stenton', 52956);
insert into zamestnanec (id_zamestnanec, jmeno, prijmeni, plat) values (55, 'Carola', 'Moulsdall', 49186);
insert into zamestnanec (id_zamestnanec, jmeno, prijmeni, plat) values (56, 'Salvador', 'Munt', 66044);
insert into zamestnanec (id_zamestnanec, jmeno, prijmeni, plat) values (57, 'Calv', 'Bevens', 58519);
insert into zamestnanec (id_zamestnanec, jmeno, prijmeni, plat) values (58, 'Joelie', 'Burle', 31901);
insert into zamestnanec (id_zamestnanec, jmeno, prijmeni, plat) values (59, 'Perry', 'Rault', 31111);
insert into zamestnanec (id_zamestnanec, jmeno, prijmeni, plat) values (60, 'Travers', 'Manoch', 51731);
insert into zamestnanec (id_zamestnanec, jmeno, prijmeni, plat) values (61, 'Gar', 'Witts', 97452);
insert into zamestnanec (id_zamestnanec, jmeno, prijmeni, plat) values (62, 'Jonathon', 'Shorter', 50685);
insert into zamestnanec (id_zamestnanec, jmeno, prijmeni, plat) values (63, 'Alvis', 'McGowing', 89305);
insert into zamestnanec (id_zamestnanec, jmeno, prijmeni, plat) values (64, 'Helga', 'Revey', 38974);
insert into zamestnanec (id_zamestnanec, jmeno, prijmeni, plat) values (65, 'Merrel', 'Bulluck', 73083);
insert into zamestnanec (id_zamestnanec, jmeno, prijmeni, plat) values (66, 'Dougy', 'Eshelby', 75213);
insert into zamestnanec (id_zamestnanec, jmeno, prijmeni, plat) values (67, 'Nikolaos', 'Dangerfield', 85099);
insert into zamestnanec (id_zamestnanec, jmeno, prijmeni, plat) values (68, 'Stanislaus', 'Bang', 43883);
insert into zamestnanec (id_zamestnanec, jmeno, prijmeni, plat) values (69, 'Shadow', 'Petchey', 55200);
insert into zamestnanec (id_zamestnanec, jmeno, prijmeni, plat) values (70, 'Lukas', 'Passo', 40392);
insert into zamestnanec (id_zamestnanec, jmeno, prijmeni, plat) values (71, 'Darill', 'Hardistry', 97101);
insert into zamestnanec (id_zamestnanec, jmeno, prijmeni, plat) values (72, 'Kassia', 'Hanner', 89713);
insert into zamestnanec (id_zamestnanec, jmeno, prijmeni, plat) values (73, 'Diane', 'de Quesne', 40459);
insert into zamestnanec (id_zamestnanec, jmeno, prijmeni, plat) values (74, 'Devin', 'Klyn', 82243);
insert into zamestnanec (id_zamestnanec, jmeno, prijmeni, plat) values (75, 'Tore', 'Stopford', 76368);
insert into zamestnanec (id_zamestnanec, jmeno, prijmeni, plat) values (76, 'Flemming', 'Daniell', 36766);
insert into zamestnanec (id_zamestnanec, jmeno, prijmeni, plat) values (77, 'Whitaker', 'Cutchie', 83542);
insert into zamestnanec (id_zamestnanec, jmeno, prijmeni, plat) values (78, 'Ginnifer', 'Waplington', 87868);
insert into zamestnanec (id_zamestnanec, jmeno, prijmeni, plat) values (79, 'Nananne', 'Ballsdon', 98314);
insert into zamestnanec (id_zamestnanec, jmeno, prijmeni, plat) values (80, 'Leela', 'Causey', 65202);
insert into zamestnanec (id_zamestnanec, jmeno, prijmeni, plat) values (81, 'Cecilius', 'Mattiato', 80276);
insert into zamestnanec (id_zamestnanec, jmeno, prijmeni, plat) values (82, 'Ky', 'Lehrahan', 73437);
insert into zamestnanec (id_zamestnanec, jmeno, prijmeni, plat) values (83, 'Elena', 'Swayne', 59054);
insert into zamestnanec (id_zamestnanec, jmeno, prijmeni, plat) values (84, 'Caroline', 'Bartlomiejczyk', 61423);
insert into zamestnanec (id_zamestnanec, jmeno, prijmeni, plat) values (85, 'Rockey', 'Torricella', 96759);
insert into zamestnanec (id_zamestnanec, jmeno, prijmeni, plat) values (86, 'Celina', 'Gooderick', 34348);
insert into zamestnanec (id_zamestnanec, jmeno, prijmeni, plat) values (87, 'Demetris', 'Duckinfield', 66748);
insert into zamestnanec (id_zamestnanec, jmeno, prijmeni, plat) values (88, 'Rasla', 'Longhirst', 27471);
insert into zamestnanec (id_zamestnanec, jmeno, prijmeni, plat) values (89, 'Kelsey', 'Sogg', 11998);
insert into zamestnanec (id_zamestnanec, jmeno, prijmeni, plat) values (90, 'Concettina', 'Penny', 39743);
insert into zamestnanec (id_zamestnanec, jmeno, prijmeni, plat) values (91, 'Marcus', 'Sutch', 28113);
insert into zamestnanec (id_zamestnanec, jmeno, prijmeni, plat) values (92, 'Sydelle', 'Cheson', 53132);
insert into zamestnanec (id_zamestnanec, jmeno, prijmeni, plat) values (93, 'Fairfax', 'Pickless', 93693);
insert into zamestnanec (id_zamestnanec, jmeno, prijmeni, plat) values (94, 'Lauraine', 'Hartwright', 14577);
insert into zamestnanec (id_zamestnanec, jmeno, prijmeni, plat) values (95, 'Kelsi', 'L''Hommeau', 32188);
insert into zamestnanec (id_zamestnanec, jmeno, prijmeni, plat) values (96, 'Allyn', 'Matyugin', 96117);
insert into zamestnanec (id_zamestnanec, jmeno, prijmeni, plat) values (97, 'Rockie', 'Crippes', 78678);
insert into zamestnanec (id_zamestnanec, jmeno, prijmeni, plat) values (98, 'Weider', 'L''oiseau', 86881);
insert into zamestnanec (id_zamestnanec, jmeno, prijmeni, plat) values (99, 'Lavena', 'Ebbens', 64646);
insert into zamestnanec (id_zamestnanec, jmeno, prijmeni, plat) values (100, 'Bendix', 'Norwood', 20217);

--stat
insert into stat (id_stat, nazev) values (1, 'France');
insert into stat (id_stat, nazev) values (2, 'Indonesia');
insert into stat (id_stat, nazev) values (3, 'France');
insert into stat (id_stat, nazev) values (4, 'China');
insert into stat (id_stat, nazev) values (5, 'China');
insert into stat (id_stat, nazev) values (6, 'Indonesia');
insert into stat (id_stat, nazev) values (7, 'Ireland');
insert into stat (id_stat, nazev) values (8, 'Russia');
insert into stat (id_stat, nazev) values (9, 'Canada');
insert into stat (id_stat, nazev) values (10, 'Latvia');
insert into stat (id_stat, nazev) values (11, 'Czech Republic');
insert into stat (id_stat, nazev) values (12, 'Brazil');
insert into stat (id_stat, nazev) values (13, 'Ukraine');
insert into stat (id_stat, nazev) values (14, 'Sweden');
insert into stat (id_stat, nazev) values (15, 'Japan');
insert into stat (id_stat, nazev) values (16, 'Malaysia');
insert into stat (id_stat, nazev) values (17, 'Japan');
insert into stat (id_stat, nazev) values (18, 'Armenia');
insert into stat (id_stat, nazev) values (19, 'Indonesia');
insert into stat (id_stat, nazev) values (20, 'Indonesia');
insert into stat (id_stat, nazev) values (21, 'Brazil');
insert into stat (id_stat, nazev) values (22, 'Colombia');
insert into stat (id_stat, nazev) values (23, 'France');
insert into stat (id_stat, nazev) values (24, 'Philippines');
insert into stat (id_stat, nazev) values (25, 'Argentina');
insert into stat (id_stat, nazev) values (26, 'China');
insert into stat (id_stat, nazev) values (27, 'Ukraine');
insert into stat (id_stat, nazev) values (28, 'Japan');
insert into stat (id_stat, nazev) values (29, 'China');
insert into stat (id_stat, nazev) values (30, 'Philippines');
insert into stat (id_stat, nazev) values (31, 'Bangladesh');
insert into stat (id_stat, nazev) values (32, 'Madagascar');
insert into stat (id_stat, nazev) values (33, 'China');
insert into stat (id_stat, nazev) values (34, 'Russia');
insert into stat (id_stat, nazev) values (35, 'China');
insert into stat (id_stat, nazev) values (36, 'Portugal');
insert into stat (id_stat, nazev) values (37, 'Czech Republic');
insert into stat (id_stat, nazev) values (38, 'Indonesia');
insert into stat (id_stat, nazev) values (39, 'China');
insert into stat (id_stat, nazev) values (40, 'Philippines');
insert into stat (id_stat, nazev) values (41, 'Macedonia');
insert into stat (id_stat, nazev) values (42, 'China');
insert into stat (id_stat, nazev) values (43, 'China');
insert into stat (id_stat, nazev) values (44, 'Ireland');
insert into stat (id_stat, nazev) values (45, 'Indonesia');
insert into stat (id_stat, nazev) values (46, 'Dominican Republic');
insert into stat (id_stat, nazev) values (47, 'China');
insert into stat (id_stat, nazev) values (48, 'China');
insert into stat (id_stat, nazev) values (49, 'Colombia');
insert into stat (id_stat, nazev) values (50, 'Sri Lanka');
insert into stat (id_stat, nazev) values (51, 'Philippines');
insert into stat (id_stat, nazev) values (52, 'China');
insert into stat (id_stat, nazev) values (53, 'Palestinian Territory');
insert into stat (id_stat, nazev) values (54, 'Indonesia');
insert into stat (id_stat, nazev) values (55, 'France');
insert into stat (id_stat, nazev) values (56, 'Panama');
insert into stat (id_stat, nazev) values (57, 'Russia');
insert into stat (id_stat, nazev) values (58, 'China');
insert into stat (id_stat, nazev) values (59, 'Russia');
insert into stat (id_stat, nazev) values (60, 'Colombia');
insert into stat (id_stat, nazev) values (61, 'China');
insert into stat (id_stat, nazev) values (62, 'Poland');
insert into stat (id_stat, nazev) values (63, 'Indonesia');
insert into stat (id_stat, nazev) values (64, 'Portugal');
insert into stat (id_stat, nazev) values (65, 'Thailand');
insert into stat (id_stat, nazev) values (66, 'Czech Republic');
insert into stat (id_stat, nazev) values (67, 'Palestinian Territory');
insert into stat (id_stat, nazev) values (68, 'Russia');
insert into stat (id_stat, nazev) values (69, 'Germany');
insert into stat (id_stat, nazev) values (70, 'Madagascar');
insert into stat (id_stat, nazev) values (71, 'Sweden');
insert into stat (id_stat, nazev) values (72, 'Indonesia');
insert into stat (id_stat, nazev) values (73, 'Portugal');
insert into stat (id_stat, nazev) values (74, 'China');
insert into stat (id_stat, nazev) values (75, 'Mongolia');
insert into stat (id_stat, nazev) values (76, 'Venezuela');
insert into stat (id_stat, nazev) values (77, 'Poland');
insert into stat (id_stat, nazev) values (78, 'Russia');
insert into stat (id_stat, nazev) values (79, 'Philippines');
insert into stat (id_stat, nazev) values (80, 'Kazakhstan');
insert into stat (id_stat, nazev) values (81, 'Japan');
insert into stat (id_stat, nazev) values (82, 'Madagascar');
insert into stat (id_stat, nazev) values (83, 'Canada');
insert into stat (id_stat, nazev) values (84, 'Armenia');
insert into stat (id_stat, nazev) values (85, 'Indonesia');
insert into stat (id_stat, nazev) values (86, 'Colombia');
insert into stat (id_stat, nazev) values (87, 'China');
insert into stat (id_stat, nazev) values (88, 'Yemen');
insert into stat (id_stat, nazev) values (89, 'Indonesia');
insert into stat (id_stat, nazev) values (90, 'Indonesia');
insert into stat (id_stat, nazev) values (91, 'Israel');
insert into stat (id_stat, nazev) values (92, 'Brazil');
insert into stat (id_stat, nazev) values (93, 'China');
insert into stat (id_stat, nazev) values (94, 'Indonesia');
insert into stat (id_stat, nazev) values (95, 'China');
insert into stat (id_stat, nazev) values (96, 'Canada');
insert into stat (id_stat, nazev) values (97, 'Indonesia');
insert into stat (id_stat, nazev) values (98, 'Philippines');
insert into stat (id_stat, nazev) values (99, 'Israel');
insert into stat (id_stat, nazev) values (100, 'Russia');

--vuz
insert into vuz (id_vuz, cislo, rozmer) values (1, 81, 'little');
insert into vuz (id_vuz, cislo, rozmer) values (2, 75, 'big');
insert into vuz (id_vuz, cislo, rozmer) values (3, 6, 'little');
insert into vuz (id_vuz, cislo, rozmer) values (4, 97, 'little');
insert into vuz (id_vuz, cislo, rozmer) values (5, 83, 'little');
insert into vuz (id_vuz, cislo, rozmer) values (6, 86, 'big');
insert into vuz (id_vuz, cislo, rozmer) values (7, 69, 'little');
insert into vuz (id_vuz, cislo, rozmer) values (8, 49, 'middle');
insert into vuz (id_vuz, cislo, rozmer) values (9, 23, 'little');
insert into vuz (id_vuz, cislo, rozmer) values (10, 63, 'little');
insert into vuz (id_vuz, cislo, rozmer) values (11, 29, 'little');
insert into vuz (id_vuz, cislo, rozmer) values (12, 54, 'middle');
insert into vuz (id_vuz, cislo, rozmer) values (13, 28, 'middle');
insert into vuz (id_vuz, cislo, rozmer) values (14, 23, 'little');
insert into vuz (id_vuz, cislo, rozmer) values (15, 99, 'little');
insert into vuz (id_vuz, cislo, rozmer) values (16, 23, 'big');
insert into vuz (id_vuz, cislo, rozmer) values (17, 31, 'little');
insert into vuz (id_vuz, cislo, rozmer) values (18, 99, 'middle');
insert into vuz (id_vuz, cislo, rozmer) values (19, 83, 'big');
insert into vuz (id_vuz, cislo, rozmer) values (20, 55, 'big');
insert into vuz (id_vuz, cislo, rozmer) values (21, 29, 'big');
insert into vuz (id_vuz, cislo, rozmer) values (22, 67, 'little');
insert into vuz (id_vuz, cislo, rozmer) values (23, 87, 'middle');
insert into vuz (id_vuz, cislo, rozmer) values (24, 86, 'middle');
insert into vuz (id_vuz, cislo, rozmer) values (25, 45, 'little');
insert into vuz (id_vuz, cislo, rozmer) values (26, 27, 'big');
insert into vuz (id_vuz, cislo, rozmer) values (27, 53, 'little');
insert into vuz (id_vuz, cislo, rozmer) values (28, 60, 'little');
insert into vuz (id_vuz, cislo, rozmer) values (29, 67, 'middle');
insert into vuz (id_vuz, cislo, rozmer) values (30, 41, 'big');
insert into vuz (id_vuz, cislo, rozmer) values (31, 96, 'little');
insert into vuz (id_vuz, cislo, rozmer) values (32, 39, 'big');
insert into vuz (id_vuz, cislo, rozmer) values (33, 52, 'big');
insert into vuz (id_vuz, cislo, rozmer) values (34, 90, 'little');
insert into vuz (id_vuz, cislo, rozmer) values (35, 6, 'big');
insert into vuz (id_vuz, cislo, rozmer) values (36, 61, 'big');
insert into vuz (id_vuz, cislo, rozmer) values (37, 13, 'little');
insert into vuz (id_vuz, cislo, rozmer) values (38, 100, 'little');
insert into vuz (id_vuz, cislo, rozmer) values (39, 55, 'big');
insert into vuz (id_vuz, cislo, rozmer) values (40, 14, 'little');
insert into vuz (id_vuz, cislo, rozmer) values (41, 6, 'little');
insert into vuz (id_vuz, cislo, rozmer) values (42, 65, 'middle');
insert into vuz (id_vuz, cislo, rozmer) values (43, 61, 'little');
insert into vuz (id_vuz, cislo, rozmer) values (44, 59, 'middle');
insert into vuz (id_vuz, cislo, rozmer) values (45, 48, 'middle');
insert into vuz (id_vuz, cislo, rozmer) values (46, 18, 'big');
insert into vuz (id_vuz, cislo, rozmer) values (47, 22, 'little');
insert into vuz (id_vuz, cislo, rozmer) values (48, 77, 'little');
insert into vuz (id_vuz, cislo, rozmer) values (49, 36, 'little');
insert into vuz (id_vuz, cislo, rozmer) values (50, 80, 'little');
insert into vuz (id_vuz, cislo, rozmer) values (51, 23, 'little');
insert into vuz (id_vuz, cislo, rozmer) values (52, 66, 'little');
insert into vuz (id_vuz, cislo, rozmer) values (53, 45, 'big');
insert into vuz (id_vuz, cislo, rozmer) values (54, 74, 'middle');
insert into vuz (id_vuz, cislo, rozmer) values (55, 36, 'little');
insert into vuz (id_vuz, cislo, rozmer) values (56, 93, 'big');
insert into vuz (id_vuz, cislo, rozmer) values (57, 97, 'big');
insert into vuz (id_vuz, cislo, rozmer) values (58, 46, 'big');
insert into vuz (id_vuz, cislo, rozmer) values (59, 52, 'middle');
insert into vuz (id_vuz, cislo, rozmer) values (60, 46, 'middle');
insert into vuz (id_vuz, cislo, rozmer) values (61, 47, 'little');
insert into vuz (id_vuz, cislo, rozmer) values (62, 61, 'little');
insert into vuz (id_vuz, cislo, rozmer) values (63, 49, 'middle');
insert into vuz (id_vuz, cislo, rozmer) values (64, 18, 'big');
insert into vuz (id_vuz, cislo, rozmer) values (65, 41, 'little');
insert into vuz (id_vuz, cislo, rozmer) values (66, 84, 'little');
insert into vuz (id_vuz, cislo, rozmer) values (67, 99, 'big');
insert into vuz (id_vuz, cislo, rozmer) values (68, 87, 'big');
insert into vuz (id_vuz, cislo, rozmer) values (69, 55, 'big');
insert into vuz (id_vuz, cislo, rozmer) values (70, 61, 'little');
insert into vuz (id_vuz, cislo, rozmer) values (71, 59, 'middle');
insert into vuz (id_vuz, cislo, rozmer) values (72, 37, 'little');
insert into vuz (id_vuz, cislo, rozmer) values (73, 94, 'big');
insert into vuz (id_vuz, cislo, rozmer) values (74, 28, 'big');
insert into vuz (id_vuz, cislo, rozmer) values (75, 90, 'middle');
insert into vuz (id_vuz, cislo, rozmer) values (76, 52, 'little');
insert into vuz (id_vuz, cislo, rozmer) values (77, 27, 'little');
insert into vuz (id_vuz, cislo, rozmer) values (78, 36, 'big');
insert into vuz (id_vuz, cislo, rozmer) values (79, 96, 'middle');
insert into vuz (id_vuz, cislo, rozmer) values (80, 30, 'big');
insert into vuz (id_vuz, cislo, rozmer) values (81, 97, 'little');
insert into vuz (id_vuz, cislo, rozmer) values (82, 91, 'big');
insert into vuz (id_vuz, cislo, rozmer) values (83, 35, 'middle');
insert into vuz (id_vuz, cislo, rozmer) values (84, 55, 'little');
insert into vuz (id_vuz, cislo, rozmer) values (85, 66, 'big');
insert into vuz (id_vuz, cislo, rozmer) values (86, 25, 'big');
insert into vuz (id_vuz, cislo, rozmer) values (87, 30, 'little');
insert into vuz (id_vuz, cislo, rozmer) values (88, 61, 'big');
insert into vuz (id_vuz, cislo, rozmer) values (89, 1, 'little');
insert into vuz (id_vuz, cislo, rozmer) values (90, 15, 'big');
insert into vuz (id_vuz, cislo, rozmer) values (91, 75, 'middle');
insert into vuz (id_vuz, cislo, rozmer) values (92, 74, 'middle');
insert into vuz (id_vuz, cislo, rozmer) values (93, 85, 'middle');
insert into vuz (id_vuz, cislo, rozmer) values (94, 53, 'middle');
insert into vuz (id_vuz, cislo, rozmer) values (95, 68, 'middle');
insert into vuz (id_vuz, cislo, rozmer) values (96, 28, 'big');
insert into vuz (id_vuz, cislo, rozmer) values (97, 13, 'middle');
insert into vuz (id_vuz, cislo, rozmer) values (98, 6, 'big');
insert into vuz (id_vuz, cislo, rozmer) values (99, 50, 'big');
insert into vuz (id_vuz, cislo, rozmer) values (100, 46, 'middle');

--zakaznik
insert into zakaznik (id_zakaznik, nazev) values (1, 'Realfire');
insert into zakaznik (id_zakaznik, nazev) values (2, 'Tambee');
insert into zakaznik (id_zakaznik, nazev) values (3, 'Meembee');
insert into zakaznik (id_zakaznik, nazev) values (4, 'Eare');
insert into zakaznik (id_zakaznik, nazev) values (5, 'Yombu');
insert into zakaznik (id_zakaznik, nazev) values (6, 'Bubbletube');
insert into zakaznik (id_zakaznik, nazev) values (7, 'Agimba');
insert into zakaznik (id_zakaznik, nazev) values (8, 'Riffwire');
insert into zakaznik (id_zakaznik, nazev) values (9, 'Quatz');
insert into zakaznik (id_zakaznik, nazev) values (10, 'BlogXS');
insert into zakaznik (id_zakaznik, nazev) values (11, 'Katz');
insert into zakaznik (id_zakaznik, nazev) values (12, 'Chatterpoint');
insert into zakaznik (id_zakaznik, nazev) values (13, 'Wikizz');
insert into zakaznik (id_zakaznik, nazev) values (14, 'Twiyo');
insert into zakaznik (id_zakaznik, nazev) values (15, 'Jabbertype');
insert into zakaznik (id_zakaznik, nazev) values (16, 'Snaptags');
insert into zakaznik (id_zakaznik, nazev) values (17, 'Eire');
insert into zakaznik (id_zakaznik, nazev) values (18, 'Twinder');
insert into zakaznik (id_zakaznik, nazev) values (19, 'Kwilith');
insert into zakaznik (id_zakaznik, nazev) values (20, 'Eadel');
insert into zakaznik (id_zakaznik, nazev) values (21, 'Lazz');
insert into zakaznik (id_zakaznik, nazev) values (22, 'Yakijo');
insert into zakaznik (id_zakaznik, nazev) values (23, 'Topicware');
insert into zakaznik (id_zakaznik, nazev) values (24, 'Flipopia');
insert into zakaznik (id_zakaznik, nazev) values (25, 'Jabbertype');
insert into zakaznik (id_zakaznik, nazev) values (26, 'Ainyx');
insert into zakaznik (id_zakaznik, nazev) values (27, 'Topicshots');
insert into zakaznik (id_zakaznik, nazev) values (28, 'Trudeo');
insert into zakaznik (id_zakaznik, nazev) values (29, 'Brightdog');
insert into zakaznik (id_zakaznik, nazev) values (30, 'Tavu');
insert into zakaznik (id_zakaznik, nazev) values (31, 'Chatterpoint');
insert into zakaznik (id_zakaznik, nazev) values (32, 'Flipbug');
insert into zakaznik (id_zakaznik, nazev) values (33, 'Shufflester');
insert into zakaznik (id_zakaznik, nazev) values (34, 'Babbleset');
insert into zakaznik (id_zakaznik, nazev) values (35, 'Wikibox');
insert into zakaznik (id_zakaznik, nazev) values (36, 'Linkbuzz');
insert into zakaznik (id_zakaznik, nazev) values (37, 'Gevee');
insert into zakaznik (id_zakaznik, nazev) values (38, 'Thoughtblab');
insert into zakaznik (id_zakaznik, nazev) values (39, 'Feedspan');
insert into zakaznik (id_zakaznik, nazev) values (40, 'Youbridge');
insert into zakaznik (id_zakaznik, nazev) values (41, 'Dabjam');
insert into zakaznik (id_zakaznik, nazev) values (42, 'Zooxo');
insert into zakaznik (id_zakaznik, nazev) values (43, 'Ntags');
insert into zakaznik (id_zakaznik, nazev) values (44, 'Kazio');
insert into zakaznik (id_zakaznik, nazev) values (45, 'Leexo');
insert into zakaznik (id_zakaznik, nazev) values (46, 'Jazzy');
insert into zakaznik (id_zakaznik, nazev) values (47, 'Realfire');
insert into zakaznik (id_zakaznik, nazev) values (48, 'Dynabox');
insert into zakaznik (id_zakaznik, nazev) values (49, 'Innojam');
insert into zakaznik (id_zakaznik, nazev) values (50, 'Photofeed');
insert into zakaznik (id_zakaznik, nazev) values (51, 'Edgewire');
insert into zakaznik (id_zakaznik, nazev) values (52, 'Omba');
insert into zakaznik (id_zakaznik, nazev) values (53, 'Skinte');
insert into zakaznik (id_zakaznik, nazev) values (54, 'Dablist');
insert into zakaznik (id_zakaznik, nazev) values (55, 'Yodel');
insert into zakaznik (id_zakaznik, nazev) values (56, 'Wordpedia');
insert into zakaznik (id_zakaznik, nazev) values (57, 'Jetwire');
insert into zakaznik (id_zakaznik, nazev) values (58, 'Skalith');
insert into zakaznik (id_zakaznik, nazev) values (59, 'Skimia');
insert into zakaznik (id_zakaznik, nazev) values (60, 'Avaveo');
insert into zakaznik (id_zakaznik, nazev) values (61, 'Dynabox');
insert into zakaznik (id_zakaznik, nazev) values (62, 'Mynte');
insert into zakaznik (id_zakaznik, nazev) values (63, 'Tambee');
insert into zakaznik (id_zakaznik, nazev) values (64, 'Livetube');
insert into zakaznik (id_zakaznik, nazev) values (65, 'Flashspan');
insert into zakaznik (id_zakaznik, nazev) values (66, 'Edgeclub');
insert into zakaznik (id_zakaznik, nazev) values (67, 'Quimba');
insert into zakaznik (id_zakaznik, nazev) values (68, 'Katz');
insert into zakaznik (id_zakaznik, nazev) values (69, 'Kamba');
insert into zakaznik (id_zakaznik, nazev) values (70, 'Avamm');
insert into zakaznik (id_zakaznik, nazev) values (71, 'Browseblab');
insert into zakaznik (id_zakaznik, nazev) values (72, 'Avaveo');
insert into zakaznik (id_zakaznik, nazev) values (73, 'Zooxo');
insert into zakaznik (id_zakaznik, nazev) values (74, 'Trudoo');
insert into zakaznik (id_zakaznik, nazev) values (75, 'Shufflester');
insert into zakaznik (id_zakaznik, nazev) values (76, 'Twitterbridge');
insert into zakaznik (id_zakaznik, nazev) values (77, 'Browseblab');
insert into zakaznik (id_zakaznik, nazev) values (78, 'Yambee');
insert into zakaznik (id_zakaznik, nazev) values (79, 'Eire');
insert into zakaznik (id_zakaznik, nazev) values (80, 'Wikizz');
insert into zakaznik (id_zakaznik, nazev) values (81, 'Zoonoodle');
insert into zakaznik (id_zakaznik, nazev) values (82, 'Photobug');
insert into zakaznik (id_zakaznik, nazev) values (83, 'Eire');
insert into zakaznik (id_zakaznik, nazev) values (84, 'Centidel');
insert into zakaznik (id_zakaznik, nazev) values (85, 'Fivechat');
insert into zakaznik (id_zakaznik, nazev) values (86, 'Abata');
insert into zakaznik (id_zakaznik, nazev) values (87, 'Livepath');
insert into zakaznik (id_zakaznik, nazev) values (88, 'Topicstorm');
insert into zakaznik (id_zakaznik, nazev) values (89, 'Pixoboo');
insert into zakaznik (id_zakaznik, nazev) values (90, 'Lajo');
insert into zakaznik (id_zakaznik, nazev) values (91, 'Cogilith');
insert into zakaznik (id_zakaznik, nazev) values (92, 'Flipopia');
insert into zakaznik (id_zakaznik, nazev) values (93, 'Twitterbridge');
insert into zakaznik (id_zakaznik, nazev) values (94, 'Devpoint');
insert into zakaznik (id_zakaznik, nazev) values (95, 'Riffwire');
insert into zakaznik (id_zakaznik, nazev) values (96, 'Yakidoo');
insert into zakaznik (id_zakaznik, nazev) values (97, 'Topicstorm');
insert into zakaznik (id_zakaznik, nazev) values (98, 'Kazio');
insert into zakaznik (id_zakaznik, nazev) values (99, 'Browsedrive');
insert into zakaznik (id_zakaznik, nazev) values (100, 'Skipstorm');

--projekt
insert into projekt (id_projekt, nazev) values (1, 'Redhold');
insert into projekt (id_projekt, nazev) values (2, 'Matsoft');
insert into projekt (id_projekt, nazev) values (3, 'Fintone');
insert into projekt (id_projekt, nazev) values (4, 'Voyatouch');
insert into projekt (id_projekt, nazev) values (5, 'Alpha');
insert into projekt (id_projekt, nazev) values (6, 'Flowdesk');
insert into projekt (id_projekt, nazev) values (7, 'Trippledex');
insert into projekt (id_projekt, nazev) values (8, 'Vagram');
insert into projekt (id_projekt, nazev) values (9, 'Ronstring');
insert into projekt (id_projekt, nazev) values (10, 'Trippledex');
insert into projekt (id_projekt, nazev) values (11, 'Tampflex');
insert into projekt (id_projekt, nazev) values (12, 'Pannier');
insert into projekt (id_projekt, nazev) values (13, 'Namfix');
insert into projekt (id_projekt, nazev) values (14, 'Quo Lux');
insert into projekt (id_projekt, nazev) values (15, 'Zontrax');
insert into projekt (id_projekt, nazev) values (16, 'Ronstring');
insert into projekt (id_projekt, nazev) values (17, 'Rank');
insert into projekt (id_projekt, nazev) values (18, 'Veribet');
insert into projekt (id_projekt, nazev) values (19, 'Latlux');
insert into projekt (id_projekt, nazev) values (20, 'Greenlam');
insert into projekt (id_projekt, nazev) values (21, 'Greenlam');
insert into projekt (id_projekt, nazev) values (22, 'Zoolab');
insert into projekt (id_projekt, nazev) values (23, 'Tempsoft');
insert into projekt (id_projekt, nazev) values (24, 'Zoolab');
insert into projekt (id_projekt, nazev) values (25, 'Viva');
insert into projekt (id_projekt, nazev) values (26, 'Andalax');
insert into projekt (id_projekt, nazev) values (27, 'Cardify');
insert into projekt (id_projekt, nazev) values (28, 'Holdlamis');
insert into projekt (id_projekt, nazev) values (29, 'Alpha');
insert into projekt (id_projekt, nazev) values (30, 'Fintone');
insert into projekt (id_projekt, nazev) values (31, 'Vagram');
insert into projekt (id_projekt, nazev) values (32, 'Redhold');
insert into projekt (id_projekt, nazev) values (33, 'Viva');
insert into projekt (id_projekt, nazev) values (34, 'Tresom');
insert into projekt (id_projekt, nazev) values (35, 'Duobam');
insert into projekt (id_projekt, nazev) values (36, 'Tresom');
insert into projekt (id_projekt, nazev) values (37, 'Pannier');
insert into projekt (id_projekt, nazev) values (38, 'Sonair');
insert into projekt (id_projekt, nazev) values (39, 'Tresom');
insert into projekt (id_projekt, nazev) values (40, 'Viva');
insert into projekt (id_projekt, nazev) values (41, 'Ventosanzap');
insert into projekt (id_projekt, nazev) values (42, 'Mat Lam Tam');
insert into projekt (id_projekt, nazev) values (43, 'Flowdesk');
insert into projekt (id_projekt, nazev) values (44, 'Zontrax');
insert into projekt (id_projekt, nazev) values (45, 'Y-find');
insert into projekt (id_projekt, nazev) values (46, 'Bitchip');
insert into projekt (id_projekt, nazev) values (47, 'Biodex');
insert into projekt (id_projekt, nazev) values (48, 'Temp');
insert into projekt (id_projekt, nazev) values (49, 'Pannier');
insert into projekt (id_projekt, nazev) values (50, 'Bitchip');
insert into projekt (id_projekt, nazev) values (51, 'Rank');
insert into projekt (id_projekt, nazev) values (52, 'Konklab');
insert into projekt (id_projekt, nazev) values (53, 'Bytecard');
insert into projekt (id_projekt, nazev) values (54, 'It');
insert into projekt (id_projekt, nazev) values (55, 'Subin');
insert into projekt (id_projekt, nazev) values (56, 'Andalax');
insert into projekt (id_projekt, nazev) values (57, 'Veribet');
insert into projekt (id_projekt, nazev) values (58, 'Holdlamis');
insert into projekt (id_projekt, nazev) values (59, 'It');
insert into projekt (id_projekt, nazev) values (60, 'Matsoft');
insert into projekt (id_projekt, nazev) values (61, 'Gembucket');
insert into projekt (id_projekt, nazev) values (62, 'Duobam');
insert into projekt (id_projekt, nazev) values (63, 'Tin');
insert into projekt (id_projekt, nazev) values (64, 'Cardify');
insert into projekt (id_projekt, nazev) values (65, 'Kanlam');
insert into projekt (id_projekt, nazev) values (66, 'Fintone');
insert into projekt (id_projekt, nazev) values (67, 'Zaam-Dox');
insert into projekt (id_projekt, nazev) values (68, 'Tres-Zap');
insert into projekt (id_projekt, nazev) values (69, 'Toughjoyfax');
insert into projekt (id_projekt, nazev) values (70, 'Daltfresh');
insert into projekt (id_projekt, nazev) values (71, 'Lotstring');
insert into projekt (id_projekt, nazev) values (72, 'Zaam-Dox');
insert into projekt (id_projekt, nazev) values (73, 'Subin');
insert into projekt (id_projekt, nazev) values (74, 'Solarbreeze');
insert into projekt (id_projekt, nazev) values (75, 'Cardify');
insert into projekt (id_projekt, nazev) values (76, 'Fintone');
insert into projekt (id_projekt, nazev) values (77, 'Stronghold');
insert into projekt (id_projekt, nazev) values (78, 'Biodex');
insert into projekt (id_projekt, nazev) values (79, 'Zontrax');
insert into projekt (id_projekt, nazev) values (80, 'Holdlamis');
insert into projekt (id_projekt, nazev) values (81, 'Tampflex');
insert into projekt (id_projekt, nazev) values (82, 'Stim');
insert into projekt (id_projekt, nazev) values (83, 'Zontrax');
insert into projekt (id_projekt, nazev) values (84, 'Alpha');
insert into projekt (id_projekt, nazev) values (85, 'Tin');
insert into projekt (id_projekt, nazev) values (86, 'Domainer');
insert into projekt (id_projekt, nazev) values (87, 'Tampflex');
insert into projekt (id_projekt, nazev) values (88, 'Gembucket');
insert into projekt (id_projekt, nazev) values (89, 'Andalax');
insert into projekt (id_projekt, nazev) values (90, 'Fix San');
insert into projekt (id_projekt, nazev) values (91, 'Zontrax');
insert into projekt (id_projekt, nazev) values (92, 'Voltsillam');
insert into projekt (id_projekt, nazev) values (93, 'Subin');
insert into projekt (id_projekt, nazev) values (94, 'Fintone');
insert into projekt (id_projekt, nazev) values (95, 'Biodex');
insert into projekt (id_projekt, nazev) values (96, 'Duobam');
insert into projekt (id_projekt, nazev) values (97, 'Sonair');
insert into projekt (id_projekt, nazev) values (98, 'Veribet');
insert into projekt (id_projekt, nazev) values (99, 'Lotstring');
insert into projekt (id_projekt, nazev) values (100, 'Bamity');

--robot
insert into robot (id_robot, id_zakaznik, cena, pocet_soucastek, model) values (1, 4, 5822.1, 192, 'RX-8');
insert into robot (id_robot, id_zakaznik, cena, pocet_soucastek, model) values (2, 37, 18462.2, 187, 'Perseverance');
insert into robot (id_robot, id_zakaznik, cena, pocet_soucastek, model) values (3, 55, 39758.9, 212, 'Maxima');
insert into robot (id_robot, id_zakaznik, cena, pocet_soucastek, model) values (4, 81, 5703.6, 449, 'Camaro');
insert into robot (id_robot, id_zakaznik, cena, pocet_soucastek, model) values (5, 10, 49385.2, 332, 'CTS-V');
insert into robot (id_robot, id_zakaznik, cena, pocet_soucastek, model) values (6, 6, 42368.5, 99, 'Grand Vitara');
insert into robot (id_robot, id_zakaznik, cena, pocet_soucastek, model) values (7, 42, 37105.2, 443, 'Yaris');
insert into robot (id_robot, id_zakaznik, cena, pocet_soucastek, model) values (8, 36, 17788.5, 382, 'Nitro');
insert into robot (id_robot, id_zakaznik, cena, pocet_soucastek, model) values (9, 58, 20024.9, 339, 'Transit Connect');
insert into robot (id_robot, id_zakaznik, cena, pocet_soucastek, model) values (10, 46, 37601.3, 420, 'Town Car');
insert into robot (id_robot, id_zakaznik, cena, pocet_soucastek, model) values (11, 32, 6408.4, 349, 'Neon');
insert into robot (id_robot, id_zakaznik, cena, pocet_soucastek, model) values (12, 42, 13540.0, 85, 'Solstice');
insert into robot (id_robot, id_zakaznik, cena, pocet_soucastek, model) values (13, 29, 1490.2, 171, 'F350');
insert into robot (id_robot, id_zakaznik, cena, pocet_soucastek, model) values (14, 46, 42781.9, 322, 'Ram 3500');
insert into robot (id_robot, id_zakaznik, cena, pocet_soucastek, model) values (15, 44, 1071.5, 266, 'Taurus');
insert into robot (id_robot, id_zakaznik, cena, pocet_soucastek, model) values (16, 47, 38999.6, 297, 'X5');
insert into robot (id_robot, id_zakaznik, cena, pocet_soucastek, model) values (17, 10, 46643.1, 445, 'XL-7');
insert into robot (id_robot, id_zakaznik, cena, pocet_soucastek, model) values (18, 95, 17503.1, 484, 'Tracer');
insert into robot (id_robot, id_zakaznik, cena, pocet_soucastek, model) values (19, 91, 6260.1, 108, '7 Series');
insert into robot (id_robot, id_zakaznik, cena, pocet_soucastek, model) values (20, 86, 18312.0, 201, 'SL-Class');
insert into robot (id_robot, id_zakaznik, cena, pocet_soucastek, model) values (21, 93, 12515.8, 268, 'GranSport');
insert into robot (id_robot, id_zakaznik, cena, pocet_soucastek, model) values (22, 83, 49746.2, 432, 'SLR McLaren');
insert into robot (id_robot, id_zakaznik, cena, pocet_soucastek, model) values (23, 76, 41875.5, 347, 'New Beetle');
insert into robot (id_robot, id_zakaznik, cena, pocet_soucastek, model) values (24, 78, 10263.7, 186, 'M6');
insert into robot (id_robot, id_zakaznik, cena, pocet_soucastek, model) values (25, 23, 9157.7, 162, 'V70');
insert into robot (id_robot, id_zakaznik, cena, pocet_soucastek, model) values (26, 25, 22362.9, 192, 'Defender');
insert into robot (id_robot, id_zakaznik, cena, pocet_soucastek, model) values (27, 21, 36131.2, 121, 'Defender');
insert into robot (id_robot, id_zakaznik, cena, pocet_soucastek, model) values (28, 65, 33199.1, 177, 'Rally Wagon 3500');
insert into robot (id_robot, id_zakaznik, cena, pocet_soucastek, model) values (29, 51, 17904.3, 347, 'Phantom');
insert into robot (id_robot, id_zakaznik, cena, pocet_soucastek, model) values (30, 74, 2027.4, 293, 'Mustang');
insert into robot (id_robot, id_zakaznik, cena, pocet_soucastek, model) values (31, 48, 44282.3, 491, 'Cayman');
insert into robot (id_robot, id_zakaznik, cena, pocet_soucastek, model) values (32, 55, 13405.2, 198, 'S-Type');
insert into robot (id_robot, id_zakaznik, cena, pocet_soucastek, model) values (33, 90, 4366.9, 196, 'RSX');
insert into robot (id_robot, id_zakaznik, cena, pocet_soucastek, model) values (34, 35, 8132.7, 344, '240SX');
insert into robot (id_robot, id_zakaznik, cena, pocet_soucastek, model) values (35, 46, 16051.6, 363, 'Santa Fe');
insert into robot (id_robot, id_zakaznik, cena, pocet_soucastek, model) values (36, 77, 23885.8, 85, 'HS');
insert into robot (id_robot, id_zakaznik, cena, pocet_soucastek, model) values (37, 50, 5306.7, 90, 'Suburban 1500');
insert into robot (id_robot, id_zakaznik, cena, pocet_soucastek, model) values (38, 70, 28069.3, 281, 'CX-9');
insert into robot (id_robot, id_zakaznik, cena, pocet_soucastek, model) values (39, 21, 33360.7, 252, 'M3');
insert into robot (id_robot, id_zakaznik, cena, pocet_soucastek, model) values (40, 30, 45460.9, 484, 'CLS-Class');
insert into robot (id_robot, id_zakaznik, cena, pocet_soucastek, model) values (41, 2, 49456.6, 287, 'rio');
insert into robot (id_robot, id_zakaznik, cena, pocet_soucastek, model) values (42, 49, 43335.1, 198, '626');
insert into robot (id_robot, id_zakaznik, cena, pocet_soucastek, model) values (43, 15, 5644.6, 146, 'Vigor');
insert into robot (id_robot, id_zakaznik, cena, pocet_soucastek, model) values (44, 59, 22123.7, 361, 'GS');
insert into robot (id_robot, id_zakaznik, cena, pocet_soucastek, model) values (45, 57, 18855.2, 357, 'Veyron');
insert into robot (id_robot, id_zakaznik, cena, pocet_soucastek, model) values (46, 48, 14556.4, 332, '9-3');
insert into robot (id_robot, id_zakaznik, cena, pocet_soucastek, model) values (47, 18, 2874.7, 89, 'Vitara');
insert into robot (id_robot, id_zakaznik, cena, pocet_soucastek, model) values (48, 32, 12514.5, 493, 'Dakota');
insert into robot (id_robot, id_zakaznik, cena, pocet_soucastek, model) values (49, 97, 28155.5, 191, 'Eurovan');
insert into robot (id_robot, id_zakaznik, cena, pocet_soucastek, model) values (50, 61, 24597.7, 221, 'Town & Country');
insert into robot (id_robot, id_zakaznik, cena, pocet_soucastek, model) values (51, 93, 26520.9, 84, 'Park Avenue');
insert into robot (id_robot, id_zakaznik, cena, pocet_soucastek, model) values (52, 38, 11396.8, 146, 'Range Rover');
insert into robot (id_robot, id_zakaznik, cena, pocet_soucastek, model) values (53, 42, 12041.8, 409, 'Rally Wagon 3500');
insert into robot (id_robot, id_zakaznik, cena, pocet_soucastek, model) values (54, 63, 17606.9, 473, '1500 Club Coupe');
insert into robot (id_robot, id_zakaznik, cena, pocet_soucastek, model) values (55, 63, 8970.3, 114, 'Sierra 2500');
insert into robot (id_robot, id_zakaznik, cena, pocet_soucastek, model) values (56, 92, 49734.9, 376, 'Passat');
insert into robot (id_robot, id_zakaznik, cena, pocet_soucastek, model) values (57, 89, 3364.7, 321, 'Cougar');
insert into robot (id_robot, id_zakaznik, cena, pocet_soucastek, model) values (58, 53, 25920.3, 168, 'Yukon XL 1500');
insert into robot (id_robot, id_zakaznik, cena, pocet_soucastek, model) values (59, 21, 36111.2, 390, 'Chariot');
insert into robot (id_robot, id_zakaznik, cena, pocet_soucastek, model) values (60, 100, 47935.5, 319, 'Hombre Space');
insert into robot (id_robot, id_zakaznik, cena, pocet_soucastek, model) values (61, 26, 33417.6, 489, 'Firebird');
insert into robot (id_robot, id_zakaznik, cena, pocet_soucastek, model) values (62, 45, 17616.2, 312, 'Firebird');
insert into robot (id_robot, id_zakaznik, cena, pocet_soucastek, model) values (63, 26, 24222.1, 445, 'Cutlass Supreme');
insert into robot (id_robot, id_zakaznik, cena, pocet_soucastek, model) values (64, 74, 19331.8, 314, 'Firebird');
insert into robot (id_robot, id_zakaznik, cena, pocet_soucastek, model) values (65, 18, 19669.3, 268, 'Spyder');
insert into robot (id_robot, id_zakaznik, cena, pocet_soucastek, model) values (66, 27, 48393.1, 347, 'NSX');
insert into robot (id_robot, id_zakaznik, cena, pocet_soucastek, model) values (67, 76, 17812.4, 191, 'xA');
insert into robot (id_robot, id_zakaznik, cena, pocet_soucastek, model) values (68, 47, 3637.9, 260, 'SRX');
insert into robot (id_robot, id_zakaznik, cena, pocet_soucastek, model) values (69, 86, 34290.0, 321, 'Altima');
insert into robot (id_robot, id_zakaznik, cena, pocet_soucastek, model) values (70, 32, 20594.6, 389, 'Century');
insert into robot (id_robot, id_zakaznik, cena, pocet_soucastek, model) values (71, 63, 48506.2, 419, '350Z');
insert into robot (id_robot, id_zakaznik, cena, pocet_soucastek, model) values (72, 5, 13096.0, 190, '900');
insert into robot (id_robot, id_zakaznik, cena, pocet_soucastek, model) values (73, 23, 29055.2, 421, 'TT');
insert into robot (id_robot, id_zakaznik, cena, pocet_soucastek, model) values (74, 69, 12230.6, 236, 'LHS');
insert into robot (id_robot, id_zakaznik, cena, pocet_soucastek, model) values (75, 57, 10235.8, 338, '1500 Club Coupe');
insert into robot (id_robot, id_zakaznik, cena, pocet_soucastek, model) values (76, 1, 8461.0, 446, 'Grand Voyager');
insert into robot (id_robot, id_zakaznik, cena, pocet_soucastek, model) values (77, 60, 19505.7, 259, 'Neon');
insert into robot (id_robot, id_zakaznik, cena, pocet_soucastek, model) values (78, 74, 13987.0, 378, '4Runner');
insert into robot (id_robot, id_zakaznik, cena, pocet_soucastek, model) values (79, 23, 18087.6, 175, 'Firebird');
insert into robot (id_robot, id_zakaznik, cena, pocet_soucastek, model) values (80, 13, 30271.0, 385, 'Ram 1500');
insert into robot (id_robot, id_zakaznik, cena, pocet_soucastek, model) values (81, 43, 6251.8, 110, 'Ascender');
insert into robot (id_robot, id_zakaznik, cena, pocet_soucastek, model) values (82, 10, 3441.1, 164, 'Cougar');
insert into robot (id_robot, id_zakaznik, cena, pocet_soucastek, model) values (83, 48, 41362.7, 476, 'Galant');
insert into robot (id_robot, id_zakaznik, cena, pocet_soucastek, model) values (84, 83, 34918.3, 101, 'Cordia');
insert into robot (id_robot, id_zakaznik, cena, pocet_soucastek, model) values (85, 50, 6241.9, 229, 'F-Series Super Duty');
insert into robot (id_robot, id_zakaznik, cena, pocet_soucastek, model) values (86, 66, 20878.4, 442, 'Navigator');
insert into robot (id_robot, id_zakaznik, cena, pocet_soucastek, model) values (87, 39, 29955.3, 381, 'Sonic');
insert into robot (id_robot, id_zakaznik, cena, pocet_soucastek, model) values (88, 18, 43248.9, 213, 'Grand Caravan');
insert into robot (id_robot, id_zakaznik, cena, pocet_soucastek, model) values (89, 46, 37074.4, 436, 'Escalade ESV');
insert into robot (id_robot, id_zakaznik, cena, pocet_soucastek, model) values (90, 48, 13152.9, 102, 'Protege');
insert into robot (id_robot, id_zakaznik, cena, pocet_soucastek, model) values (91, 31, 7693.4, 89, 'Impala');
insert into robot (id_robot, id_zakaznik, cena, pocet_soucastek, model) values (92, 26, 13791.3, 490, 'Suburban 1500');
insert into robot (id_robot, id_zakaznik, cena, pocet_soucastek, model) values (93, 19, 21109.2, 239, 'Corolla');
insert into robot (id_robot, id_zakaznik, cena, pocet_soucastek, model) values (94, 13, 11634.9, 324, 'Jetta');
insert into robot (id_robot, id_zakaznik, cena, pocet_soucastek, model) values (95, 83, 27988.3, 291, 'Escape');
insert into robot (id_robot, id_zakaznik, cena, pocet_soucastek, model) values (96, 90, 42628.1, 162, 'Montana SV6');
insert into robot (id_robot, id_zakaznik, cena, pocet_soucastek, model) values (97, 39, 35775.2, 84, 'Avalanche 2500');
insert into robot (id_robot, id_zakaznik, cena, pocet_soucastek, model) values (98, 32, 8566.2, 218, 'MPV');
insert into robot (id_robot, id_zakaznik, cena, pocet_soucastek, model) values (99, 14, 8067.8, 231, 'Sequoia');
insert into robot (id_robot, id_zakaznik, cena, pocet_soucastek, model) values (100, 34, 31923.5, 385, 'GS');


--vip_zakaznik
insert into vip_zakaznik (id_zakaznik, sleva) values (1, 33.9);
insert into vip_zakaznik (id_zakaznik, sleva) values (2, 82.7);
insert into vip_zakaznik (id_zakaznik, sleva) values (3, 61.6);
insert into vip_zakaznik (id_zakaznik, sleva) values (4, 25.0);
insert into vip_zakaznik (id_zakaznik, sleva) values (5, 36.3);
insert into vip_zakaznik (id_zakaznik, sleva) values (6, 58.1);
insert into vip_zakaznik (id_zakaznik, sleva) values (7, 54.3);
insert into vip_zakaznik (id_zakaznik, sleva) values (8, 12.0);
insert into vip_zakaznik (id_zakaznik, sleva) values (9, 44.6);
insert into vip_zakaznik (id_zakaznik, sleva) values (10, 11.5);
insert into vip_zakaznik (id_zakaznik, sleva) values (11, 35.3);
insert into vip_zakaznik (id_zakaznik, sleva) values (12, 16.4);
insert into vip_zakaznik (id_zakaznik, sleva) values (13, 82.0);
insert into vip_zakaznik (id_zakaznik, sleva) values (14, 74.6);
insert into vip_zakaznik (id_zakaznik, sleva) values (15, 46.1);
insert into vip_zakaznik (id_zakaznik, sleva) values (16, 39.6);
insert into vip_zakaznik (id_zakaznik, sleva) values (17, 35.4);
insert into vip_zakaznik (id_zakaznik, sleva) values (18, 54.4);
insert into vip_zakaznik (id_zakaznik, sleva) values (19, 35.2);
insert into vip_zakaznik (id_zakaznik, sleva) values (20, 10.2);
insert into vip_zakaznik (id_zakaznik, sleva) values (21, 69.5);
insert into vip_zakaznik (id_zakaznik, sleva) values (22, 78.2);
insert into vip_zakaznik (id_zakaznik, sleva) values (23, 80.7);
insert into vip_zakaznik (id_zakaznik, sleva) values (24, 63.3);
insert into vip_zakaznik (id_zakaznik, sleva) values (25, 76.2);
insert into vip_zakaznik (id_zakaznik, sleva) values (26, 44.6);
insert into vip_zakaznik (id_zakaznik, sleva) values (27, 68.7);
insert into vip_zakaznik (id_zakaznik, sleva) values (28, 49.9);
insert into vip_zakaznik (id_zakaznik, sleva) values (29, 13.4);
insert into vip_zakaznik (id_zakaznik, sleva) values (30, 33.6);
insert into vip_zakaznik (id_zakaznik, sleva) values (31, 24.2);
insert into vip_zakaznik (id_zakaznik, sleva) values (32, 59.6);
insert into vip_zakaznik (id_zakaznik, sleva) values (33, 69.1);
insert into vip_zakaznik (id_zakaznik, sleva) values (34, 85.8);
insert into vip_zakaznik (id_zakaznik, sleva) values (35, 69.0);
insert into vip_zakaznik (id_zakaznik, sleva) values (36, 22.0);
insert into vip_zakaznik (id_zakaznik, sleva) values (37, 49.0);
insert into vip_zakaznik (id_zakaznik, sleva) values (38, 16.7);
insert into vip_zakaznik (id_zakaznik, sleva) values (39, 90.0);
insert into vip_zakaznik (id_zakaznik, sleva) values (40, 13.5);
insert into vip_zakaznik (id_zakaznik, sleva) values (41, 66.9);
insert into vip_zakaznik (id_zakaznik, sleva) values (42, 73.2);
insert into vip_zakaznik (id_zakaznik, sleva) values (43, 34.2);
insert into vip_zakaznik (id_zakaznik, sleva) values (44, 74.2);
insert into vip_zakaznik (id_zakaznik, sleva) values (45, 63.5);
insert into vip_zakaznik (id_zakaznik, sleva) values (46, 82.2);
insert into vip_zakaznik (id_zakaznik, sleva) values (47, 14.3);
insert into vip_zakaznik (id_zakaznik, sleva) values (48, 82.1);
insert into vip_zakaznik (id_zakaznik, sleva) values (49, 43.7);


--firma
insert into firma (id_firma, id_stat, nazev) values (1, 68, 'Heaney Group');
insert into firma (id_firma, id_stat, nazev) values (2, 29, 'Tremblay-Brakus');
insert into firma (id_firma, id_stat, nazev) values (3, 64, 'Considine Inc');
insert into firma (id_firma, id_stat, nazev) values (4, 81, 'Davis Inc');
insert into firma (id_firma, id_stat, nazev) values (5, 27, 'Reichert-Robel');
insert into firma (id_firma, id_stat, nazev) values (6, 96, 'Smith-Price');
insert into firma (id_firma, id_stat, nazev) values (7, 41, 'Rowe, Baumbach and Waters');
insert into firma (id_firma, id_stat, nazev) values (8, 70, 'Becker Inc');
insert into firma (id_firma, id_stat, nazev) values (9, 84, 'Rath-Bogisich');
insert into firma (id_firma, id_stat, nazev) values (10, 23, 'Gottlieb-Spencer');
insert into firma (id_firma, id_stat, nazev) values (11, 74, 'Feil-Dach');
insert into firma (id_firma, id_stat, nazev) values (12, 29, 'Brown-Steuber');
insert into firma (id_firma, id_stat, nazev) values (13, 87, 'Mraz-Schaden');
insert into firma (id_firma, id_stat, nazev) values (14, 65, 'Murray, Cruickshank and Bins');
insert into firma (id_firma, id_stat, nazev) values (15, 6, 'Lynch Inc');
insert into firma (id_firma, id_stat, nazev) values (16, 56, 'Wintheiser, Schulist and Kling');
insert into firma (id_firma, id_stat, nazev) values (17, 80, 'Stanton, Kassulke and Schowalter');
insert into firma (id_firma, id_stat, nazev) values (18, 47, 'Hettinger-Olson');
insert into firma (id_firma, id_stat, nazev) values (19, 49, 'Harber-Wolf');
insert into firma (id_firma, id_stat, nazev) values (20, 86, 'Parker LLC');
insert into firma (id_firma, id_stat, nazev) values (21, 33, 'Volkman Inc');
insert into firma (id_firma, id_stat, nazev) values (22, 42, 'Jacobs LLC');
insert into firma (id_firma, id_stat, nazev) values (23, 35, 'Gleason-Turcotte');
insert into firma (id_firma, id_stat, nazev) values (24, 58, 'Conn Group');
insert into firma (id_firma, id_stat, nazev) values (25, 66, 'Paucek-Kessler');
insert into firma (id_firma, id_stat, nazev) values (26, 59, 'Gerlach, Kulas and Bayer');
insert into firma (id_firma, id_stat, nazev) values (27, 62, 'Sanford-Oberbrunner');
insert into firma (id_firma, id_stat, nazev) values (28, 61, 'Rempel, Wiegand and Effertz');
insert into firma (id_firma, id_stat, nazev) values (29, 92, 'Dooley and Sons');
insert into firma (id_firma, id_stat, nazev) values (30, 66, 'Parker, Hirthe and Ortiz');
insert into firma (id_firma, id_stat, nazev) values (31, 27, 'McCullough, Littel and Keeling');
insert into firma (id_firma, id_stat, nazev) values (32, 10, 'Feeney Group');
insert into firma (id_firma, id_stat, nazev) values (33, 61, 'Sipes LLC');
insert into firma (id_firma, id_stat, nazev) values (34, 44, 'Schaefer-Cassin');
insert into firma (id_firma, id_stat, nazev) values (35, 47, 'Langosh, Pacocha and Schmeler');
insert into firma (id_firma, id_stat, nazev) values (36, 15, 'Koelpin LLC');
insert into firma (id_firma, id_stat, nazev) values (37, 54, 'Bruen-Funk');
insert into firma (id_firma, id_stat, nazev) values (38, 42, 'Renner and Sons');
insert into firma (id_firma, id_stat, nazev) values (39, 12, 'Ritchie-Murazik');
insert into firma (id_firma, id_stat, nazev) values (40, 53, 'Brekke Inc');
insert into firma (id_firma, id_stat, nazev) values (41, 9, 'Lind, Ortiz and Auer');
insert into firma (id_firma, id_stat, nazev) values (42, 1, 'Krajcik Inc');
insert into firma (id_firma, id_stat, nazev) values (43, 24, 'Dare, White and Gleason');
insert into firma (id_firma, id_stat, nazev) values (44, 18, 'Zboncak-Emard');
insert into firma (id_firma, id_stat, nazev) values (45, 60, 'Wyman Inc');
insert into firma (id_firma, id_stat, nazev) values (46, 50, 'Sipes, Rice and Kerluke');
insert into firma (id_firma, id_stat, nazev) values (47, 46, 'Swaniawski-McKenzie');
insert into firma (id_firma, id_stat, nazev) values (48, 85, 'Hirthe Inc');
insert into firma (id_firma, id_stat, nazev) values (49, 36, 'Huels-Prosacco');
insert into firma (id_firma, id_stat, nazev) values (50, 20, 'Schmeler-Balistreri');
insert into firma (id_firma, id_stat, nazev) values (51, 42, 'Ankunding and Sons');
insert into firma (id_firma, id_stat, nazev) values (52, 68, 'Hilll Group');
insert into firma (id_firma, id_stat, nazev) values (53, 79, 'Powlowski LLC');
insert into firma (id_firma, id_stat, nazev) values (54, 31, 'Schaden LLC');
insert into firma (id_firma, id_stat, nazev) values (55, 33, 'Effertz Inc');
insert into firma (id_firma, id_stat, nazev) values (56, 6, 'Emard Group');
insert into firma (id_firma, id_stat, nazev) values (57, 1, 'Jaskolski LLC');
insert into firma (id_firma, id_stat, nazev) values (58, 60, 'Windler LLC');
insert into firma (id_firma, id_stat, nazev) values (59, 23, 'Prohaska, Schulist and Mayer');
insert into firma (id_firma, id_stat, nazev) values (60, 34, 'Goyette Inc');
insert into firma (id_firma, id_stat, nazev) values (61, 29, 'Klocko, Lind and Walsh');
insert into firma (id_firma, id_stat, nazev) values (62, 19, 'Wiegand Inc');
insert into firma (id_firma, id_stat, nazev) values (63, 46, 'Cole and Sons');
insert into firma (id_firma, id_stat, nazev) values (64, 4, 'Strosin-Kuhn');
insert into firma (id_firma, id_stat, nazev) values (65, 100, 'Walker Group');
insert into firma (id_firma, id_stat, nazev) values (66, 92, 'Lang, Thiel and Russel');
insert into firma (id_firma, id_stat, nazev) values (67, 84, 'Nikolaus, Labadie and Turner');
insert into firma (id_firma, id_stat, nazev) values (68, 30, 'Hahn-McKenzie');
insert into firma (id_firma, id_stat, nazev) values (69, 34, 'Lang Inc');
insert into firma (id_firma, id_stat, nazev) values (70, 73, 'Koelpin, Murazik and Marquardt');
insert into firma (id_firma, id_stat, nazev) values (71, 2, 'Labadie and Sons');
insert into firma (id_firma, id_stat, nazev) values (72, 82, 'Kovacek-Howe');
insert into firma (id_firma, id_stat, nazev) values (73, 61, 'Schroeder Group');
insert into firma (id_firma, id_stat, nazev) values (74, 5, 'Wolff LLC');
insert into firma (id_firma, id_stat, nazev) values (75, 79, 'Wilderman, Homenick and Beahan');
insert into firma (id_firma, id_stat, nazev) values (76, 38, 'Hoeger-Corkery');
insert into firma (id_firma, id_stat, nazev) values (77, 62, 'Dibbert Group');
insert into firma (id_firma, id_stat, nazev) values (78, 7, 'Huels and Sons');
insert into firma (id_firma, id_stat, nazev) values (79, 39, 'Macejkovic, Anderson and Blanda');
insert into firma (id_firma, id_stat, nazev) values (80, 58, 'Turner and Sons');
insert into firma (id_firma, id_stat, nazev) values (81, 37, 'Metz LLC');
insert into firma (id_firma, id_stat, nazev) values (82, 39, 'Rempel-Fadel');
insert into firma (id_firma, id_stat, nazev) values (83, 29, 'Klocko-Dietrich');
insert into firma (id_firma, id_stat, nazev) values (84, 93, 'Paucek-Brakus');
insert into firma (id_firma, id_stat, nazev) values (85, 62, 'Simonis, Feeney and Spencer');
insert into firma (id_firma, id_stat, nazev) values (86, 83, 'Beer, Bins and Collins');
insert into firma (id_firma, id_stat, nazev) values (87, 54, 'Gislason Group');
insert into firma (id_firma, id_stat, nazev) values (88, 81, 'Hilll, Donnelly and Robel');
insert into firma (id_firma, id_stat, nazev) values (89, 12, 'Cummerata Inc');
insert into firma (id_firma, id_stat, nazev) values (90, 80, 'O''Keefe Inc');
insert into firma (id_firma, id_stat, nazev) values (91, 17, 'Hoppe-Walter');
insert into firma (id_firma, id_stat, nazev) values (92, 46, 'Davis-Nikolaus');
insert into firma (id_firma, id_stat, nazev) values (93, 19, 'Walter-Murray');
insert into firma (id_firma, id_stat, nazev) values (94, 31, 'Watsica LLC');
insert into firma (id_firma, id_stat, nazev) values (95, 43, 'Daniel, Aufderhar and Ratke');
insert into firma (id_firma, id_stat, nazev) values (96, 11, 'Kessler-Willms');
insert into firma (id_firma, id_stat, nazev) values (97, 69, 'Dach-Balistreri');
insert into firma (id_firma, id_stat, nazev) values (98, 76, 'Kuvalis, Ruecker and Walsh');
insert into firma (id_firma, id_stat, nazev) values (99, 69, 'Ernser-Spencer');
insert into firma (id_firma, id_stat, nazev) values (100, 74, 'White, Toy and Bosco');

--inzenyr
insert into inzenyr (id_zamestnanec, id_projekt, cislo_laboratore) values (1, 1, 'R7-750');
insert into inzenyr (id_zamestnanec, id_projekt, cislo_laboratore) values (2, 2, 'U3-533');
insert into inzenyr (id_zamestnanec, id_projekt, cislo_laboratore) values (3, 3, 'X3-861');
insert into inzenyr (id_zamestnanec, id_projekt, cislo_laboratore) values (4, 4, 'X0-846');
insert into inzenyr (id_zamestnanec, id_projekt, cislo_laboratore) values (5, 5, 'X6-967');
insert into inzenyr (id_zamestnanec, id_projekt, cislo_laboratore) values (6, 6, 'K6-652');
insert into inzenyr (id_zamestnanec, id_projekt, cislo_laboratore) values (7, 7, 'O3-532');
insert into inzenyr (id_zamestnanec, id_projekt, cislo_laboratore) values (8, 8, 'Y8-090');
insert into inzenyr (id_zamestnanec, id_projekt, cislo_laboratore) values (9, 9, 'T9-680');
insert into inzenyr (id_zamestnanec, id_projekt, cislo_laboratore) values (10, 10, 'O1-713');
insert into inzenyr (id_zamestnanec, id_projekt, cislo_laboratore) values (11, 11, 'G1-333');
insert into inzenyr (id_zamestnanec, id_projekt, cislo_laboratore) values (12, 12, 'W9-981');
insert into inzenyr (id_zamestnanec, id_projekt, cislo_laboratore) values (13, 13, 'P6-534');
insert into inzenyr (id_zamestnanec, id_projekt, cislo_laboratore) values (14, 14, 'J3-676');
insert into inzenyr (id_zamestnanec, id_projekt, cislo_laboratore) values (15, 15, 'F8-919');
insert into inzenyr (id_zamestnanec, id_projekt, cislo_laboratore) values (16, 16, 'A7-916');
insert into inzenyr (id_zamestnanec, id_projekt, cislo_laboratore) values (17, 17, 'I8-147');
insert into inzenyr (id_zamestnanec, id_projekt, cislo_laboratore) values (18, 18, 'B1-659');
insert into inzenyr (id_zamestnanec, id_projekt, cislo_laboratore) values (19, 19, 'W9-476');
insert into inzenyr (id_zamestnanec, id_projekt, cislo_laboratore) values (20, 20, 'T2-562');
insert into inzenyr (id_zamestnanec, id_projekt, cislo_laboratore) values (21, 21, 'F9-438');
insert into inzenyr (id_zamestnanec, id_projekt, cislo_laboratore) values (22, 22, 'C1-678');
insert into inzenyr (id_zamestnanec, id_projekt, cislo_laboratore) values (23, 23, 'N3-533');
insert into inzenyr (id_zamestnanec, id_projekt, cislo_laboratore) values (24, 24, 'F3-323');
insert into inzenyr (id_zamestnanec, id_projekt, cislo_laboratore) values (25, 25, 'J0-117');
insert into inzenyr (id_zamestnanec, id_projekt, cislo_laboratore) values (26, 26, 'S1-469');
insert into inzenyr (id_zamestnanec, id_projekt, cislo_laboratore) values (27, 27, 'E2-128');
insert into inzenyr (id_zamestnanec, id_projekt, cislo_laboratore) values (28, 28, 'W7-109');
insert into inzenyr (id_zamestnanec, id_projekt, cislo_laboratore) values (29, 29, 'U0-082');
insert into inzenyr (id_zamestnanec, id_projekt, cislo_laboratore) values (30, 30, 'Q5-770');
insert into inzenyr (id_zamestnanec, id_projekt, cislo_laboratore) values (31, 31, 'H6-663');
insert into inzenyr (id_zamestnanec, id_projekt, cislo_laboratore) values (32, 32, 'N2-692');
insert into inzenyr (id_zamestnanec, id_projekt, cislo_laboratore) values (33, 33, 'J0-889');
insert into inzenyr (id_zamestnanec, id_projekt, cislo_laboratore) values (34, 34, 'C7-020');
insert into inzenyr (id_zamestnanec, id_projekt, cislo_laboratore) values (35, 35, 'B4-818');
insert into inzenyr (id_zamestnanec, id_projekt, cislo_laboratore) values (36, 36, 'Y1-022');
insert into inzenyr (id_zamestnanec, id_projekt, cislo_laboratore) values (37, 37, 'S0-197');
insert into inzenyr (id_zamestnanec, id_projekt, cislo_laboratore) values (38, 38, 'N7-888');
insert into inzenyr (id_zamestnanec, id_projekt, cislo_laboratore) values (39, 39, 'V0-127');
insert into inzenyr (id_zamestnanec, id_projekt, cislo_laboratore) values (40, 40, 'G7-936');
insert into inzenyr (id_zamestnanec, id_projekt, cislo_laboratore) values (41, 41, 'N2-687');
insert into inzenyr (id_zamestnanec, id_projekt, cislo_laboratore) values (42, 42, 'B8-090');
insert into inzenyr (id_zamestnanec, id_projekt, cislo_laboratore) values (43, 43, 'X4-860');
insert into inzenyr (id_zamestnanec, id_projekt, cislo_laboratore) values (44, 44, 'T2-820');
insert into inzenyr (id_zamestnanec, id_projekt, cislo_laboratore) values (45, 45, 'D0-056');
insert into inzenyr (id_zamestnanec, id_projekt, cislo_laboratore) values (46, 46, 'Q1-324');
insert into inzenyr (id_zamestnanec, id_projekt, cislo_laboratore) values (47, 47, 'F9-095');
insert into inzenyr (id_zamestnanec, id_projekt, cislo_laboratore) values (48, 48, 'P6-426');
insert into inzenyr (id_zamestnanec, id_projekt, cislo_laboratore) values (49, 49, 'X2-508');
insert into inzenyr (id_zamestnanec, id_projekt, cislo_laboratore) values (50, 50, 'E6-551');
insert into inzenyr (id_zamestnanec, id_projekt, cislo_laboratore) values (51, 51, 'F4-408');
insert into inzenyr (id_zamestnanec, id_projekt, cislo_laboratore) values (52, 52, 'N7-319');
insert into inzenyr (id_zamestnanec, id_projekt, cislo_laboratore) values (53, 53, 'E7-452');
insert into inzenyr (id_zamestnanec, id_projekt, cislo_laboratore) values (54, 54, 'O7-573');
insert into inzenyr (id_zamestnanec, id_projekt, cislo_laboratore) values (55, 55, 'I4-212');
insert into inzenyr (id_zamestnanec, id_projekt, cislo_laboratore) values (56, 56, 'S7-264');
insert into inzenyr (id_zamestnanec, id_projekt, cislo_laboratore) values (57, 57, 'L5-013');
insert into inzenyr (id_zamestnanec, id_projekt, cislo_laboratore) values (58, 58, 'C4-526');
insert into inzenyr (id_zamestnanec, id_projekt, cislo_laboratore) values (59, 59, 'W0-683');
insert into inzenyr (id_zamestnanec, id_projekt, cislo_laboratore) values (60, 60, 'J6-788');
insert into inzenyr (id_zamestnanec, id_projekt, cislo_laboratore) values (61, 61, 'U7-560');
insert into inzenyr (id_zamestnanec, id_projekt, cislo_laboratore) values (62, 62, 'Q1-748');
insert into inzenyr (id_zamestnanec, id_projekt, cislo_laboratore) values (63, 63, 'X9-201');
insert into inzenyr (id_zamestnanec, id_projekt, cislo_laboratore) values (64, 64, 'O1-630');
insert into inzenyr (id_zamestnanec, id_projekt, cislo_laboratore) values (65, 65, 'Q9-125');
insert into inzenyr (id_zamestnanec, id_projekt, cislo_laboratore) values (66, 66, 'C5-757');
insert into inzenyr (id_zamestnanec, id_projekt, cislo_laboratore) values (67, 67, 'M8-330');
insert into inzenyr (id_zamestnanec, id_projekt, cislo_laboratore) values (68, 68, 'R1-424');
insert into inzenyr (id_zamestnanec, id_projekt, cislo_laboratore) values (69, 69, 'B6-072');
insert into inzenyr (id_zamestnanec, id_projekt, cislo_laboratore) values (70, 70, 'G6-536');
insert into inzenyr (id_zamestnanec, id_projekt, cislo_laboratore) values (71, 71, 'Z5-457');
insert into inzenyr (id_zamestnanec, id_projekt, cislo_laboratore) values (72, 72, 'M4-706');
insert into inzenyr (id_zamestnanec, id_projekt, cislo_laboratore) values (73, 73, 'F3-770');
insert into inzenyr (id_zamestnanec, id_projekt, cislo_laboratore) values (74, 74, 'O1-830');
insert into inzenyr (id_zamestnanec, id_projekt, cislo_laboratore) values (75, 75, 'C4-053');
insert into inzenyr (id_zamestnanec, id_projekt, cislo_laboratore) values (76, 76, 'T1-795');
insert into inzenyr (id_zamestnanec, id_projekt, cislo_laboratore) values (77, 77, 'X1-611');
insert into inzenyr (id_zamestnanec, id_projekt, cislo_laboratore) values (78, 78, 'H6-464');
insert into inzenyr (id_zamestnanec, id_projekt, cislo_laboratore) values (79, 79, 'W8-277');
insert into inzenyr (id_zamestnanec, id_projekt, cislo_laboratore) values (80, 80, 'O7-864');
insert into inzenyr (id_zamestnanec, id_projekt, cislo_laboratore) values (81, 81, 'K8-000');
insert into inzenyr (id_zamestnanec, id_projekt, cislo_laboratore) values (82, 82, 'A0-986');
insert into inzenyr (id_zamestnanec, id_projekt, cislo_laboratore) values (83, 83, 'P6-013');
insert into inzenyr (id_zamestnanec, id_projekt, cislo_laboratore) values (84, 84, 'I7-603');
insert into inzenyr (id_zamestnanec, id_projekt, cislo_laboratore) values (85, 85, 'E3-555');
insert into inzenyr (id_zamestnanec, id_projekt, cislo_laboratore) values (86, 86, 'L9-875');
insert into inzenyr (id_zamestnanec, id_projekt, cislo_laboratore) values (87, 87, 'O2-953');
insert into inzenyr (id_zamestnanec, id_projekt, cislo_laboratore) values (88, 88, 'J4-503');
insert into inzenyr (id_zamestnanec, id_projekt, cislo_laboratore) values (89, 89, 'W5-514');
insert into inzenyr (id_zamestnanec, id_projekt, cislo_laboratore) values (90, 90, 'B2-947');
insert into inzenyr (id_zamestnanec, id_projekt, cislo_laboratore) values (91, 91, 'W8-584');
insert into inzenyr (id_zamestnanec, id_projekt, cislo_laboratore) values (92, 92, 'C2-067');
insert into inzenyr (id_zamestnanec, id_projekt, cislo_laboratore) values (93, 93, 'F6-970');
insert into inzenyr (id_zamestnanec, id_projekt, cislo_laboratore) values (94, 94, 'S7-907');
insert into inzenyr (id_zamestnanec, id_projekt, cislo_laboratore) values (95, 95, 'P1-608');
insert into inzenyr (id_zamestnanec, id_projekt, cislo_laboratore) values (96, 96, 'O0-800');
insert into inzenyr (id_zamestnanec, id_projekt, cislo_laboratore) values (97, 97, 'G3-970');
insert into inzenyr (id_zamestnanec, id_projekt, cislo_laboratore) values (98, 98, 'I0-099');
insert into inzenyr (id_zamestnanec, id_projekt, cislo_laboratore) values (99, 99, 'P1-393');
insert into inzenyr (id_zamestnanec, id_projekt, cislo_laboratore) values (100, 100, 'F2-022');


--ridic
insert into ridic (id_zamestnanec, id_vuz, smena) values (1, 1, 1);
insert into ridic (id_zamestnanec, id_vuz, smena) values (2, 2, 2);
insert into ridic (id_zamestnanec, id_vuz, smena) values (3, 3, 1);
insert into ridic (id_zamestnanec, id_vuz, smena) values (4, 4, 1);
insert into ridic (id_zamestnanec, id_vuz, smena) values (5, 5, 2);
insert into ridic (id_zamestnanec, id_vuz, smena) values (6, 6, 1);
insert into ridic (id_zamestnanec, id_vuz, smena) values (7, 7, 1);
insert into ridic (id_zamestnanec, id_vuz, smena) values (8, 8, 2);
insert into ridic (id_zamestnanec, id_vuz, smena) values (9, 9, 1);
insert into ridic (id_zamestnanec, id_vuz, smena) values (10, 10, 2);
insert into ridic (id_zamestnanec, id_vuz, smena) values (11, 11, 2);
insert into ridic (id_zamestnanec, id_vuz, smena) values (12, 12, 2);
insert into ridic (id_zamestnanec, id_vuz, smena) values (13, 13, 1);
insert into ridic (id_zamestnanec, id_vuz, smena) values (14, 14, 2);
insert into ridic (id_zamestnanec, id_vuz, smena) values (15, 15, 1);
insert into ridic (id_zamestnanec, id_vuz, smena) values (16, 16, 2);
insert into ridic (id_zamestnanec, id_vuz, smena) values (17, 17, 1);
insert into ridic (id_zamestnanec, id_vuz, smena) values (18, 18, 1);
insert into ridic (id_zamestnanec, id_vuz, smena) values (19, 19, 1);
insert into ridic (id_zamestnanec, id_vuz, smena) values (20, 20, 1);
insert into ridic (id_zamestnanec, id_vuz, smena) values (21, 21, 2);
insert into ridic (id_zamestnanec, id_vuz, smena) values (22, 22, 1);
insert into ridic (id_zamestnanec, id_vuz, smena) values (23, 23, 1);
insert into ridic (id_zamestnanec, id_vuz, smena) values (24, 24, 2);
insert into ridic (id_zamestnanec, id_vuz, smena) values (25, 25, 2);
insert into ridic (id_zamestnanec, id_vuz, smena) values (26, 26, 2);
insert into ridic (id_zamestnanec, id_vuz, smena) values (27, 27, 2);
insert into ridic (id_zamestnanec, id_vuz, smena) values (28, 28, 1);
insert into ridic (id_zamestnanec, id_vuz, smena) values (29, 29, 1);
insert into ridic (id_zamestnanec, id_vuz, smena) values (30, 30, 2);
insert into ridic (id_zamestnanec, id_vuz, smena) values (31, 31, 2);
insert into ridic (id_zamestnanec, id_vuz, smena) values (32, 32, 1);
insert into ridic (id_zamestnanec, id_vuz, smena) values (33, 33, 2);
insert into ridic (id_zamestnanec, id_vuz, smena) values (34, 34, 1);
insert into ridic (id_zamestnanec, id_vuz, smena) values (35, 35, 1);
insert into ridic (id_zamestnanec, id_vuz, smena) values (36, 36, 2);
insert into ridic (id_zamestnanec, id_vuz, smena) values (37, 37, 2);
insert into ridic (id_zamestnanec, id_vuz, smena) values (38, 38, 1);
insert into ridic (id_zamestnanec, id_vuz, smena) values (39, 39, 2);
insert into ridic (id_zamestnanec, id_vuz, smena) values (40, 40, 2);
insert into ridic (id_zamestnanec, id_vuz, smena) values (41, 41, 2);
insert into ridic (id_zamestnanec, id_vuz, smena) values (42, 42, 2);
insert into ridic (id_zamestnanec, id_vuz, smena) values (43, 43, 2);
insert into ridic (id_zamestnanec, id_vuz, smena) values (44, 44, 1);
insert into ridic (id_zamestnanec, id_vuz, smena) values (45, 45, 2);
insert into ridic (id_zamestnanec, id_vuz, smena) values (46, 46, 1);
insert into ridic (id_zamestnanec, id_vuz, smena) values (47, 47, 2);
insert into ridic (id_zamestnanec, id_vuz, smena) values (48, 48, 1);
insert into ridic (id_zamestnanec, id_vuz, smena) values (49, 49, 2);
insert into ridic (id_zamestnanec, id_vuz, smena) values (50, 50, 2);
insert into ridic (id_zamestnanec, id_vuz, smena) values (51, 51, 1);
insert into ridic (id_zamestnanec, id_vuz, smena) values (52, 52, 2);
insert into ridic (id_zamestnanec, id_vuz, smena) values (53, 53, 2);
insert into ridic (id_zamestnanec, id_vuz, smena) values (54, 54, 2);
insert into ridic (id_zamestnanec, id_vuz, smena) values (55, 55, 1);
insert into ridic (id_zamestnanec, id_vuz, smena) values (56, 56, 1);
insert into ridic (id_zamestnanec, id_vuz, smena) values (57, 57, 2);
insert into ridic (id_zamestnanec, id_vuz, smena) values (58, 58, 2);
insert into ridic (id_zamestnanec, id_vuz, smena) values (59, 59, 1);
insert into ridic (id_zamestnanec, id_vuz, smena) values (60, 60, 1);
insert into ridic (id_zamestnanec, id_vuz, smena) values (61, 61, 2);
insert into ridic (id_zamestnanec, id_vuz, smena) values (62, 62, 1);
insert into ridic (id_zamestnanec, id_vuz, smena) values (63, 63, 1);
insert into ridic (id_zamestnanec, id_vuz, smena) values (64, 64, 2);
insert into ridic (id_zamestnanec, id_vuz, smena) values (65, 65, 2);
insert into ridic (id_zamestnanec, id_vuz, smena) values (66, 66, 1);
insert into ridic (id_zamestnanec, id_vuz, smena) values (67, 67, 2);
insert into ridic (id_zamestnanec, id_vuz, smena) values (68, 68, 2);
insert into ridic (id_zamestnanec, id_vuz, smena) values (69, 69, 1);
insert into ridic (id_zamestnanec, id_vuz, smena) values (70, 70, 1);
insert into ridic (id_zamestnanec, id_vuz, smena) values (71, 71, 1);
insert into ridic (id_zamestnanec, id_vuz, smena) values (72, 72, 1);
insert into ridic (id_zamestnanec, id_vuz, smena) values (73, 73, 2);
insert into ridic (id_zamestnanec, id_vuz, smena) values (74, 74, 1);
insert into ridic (id_zamestnanec, id_vuz, smena) values (75, 75, 2);
insert into ridic (id_zamestnanec, id_vuz, smena) values (76, 76, 2);
insert into ridic (id_zamestnanec, id_vuz, smena) values (77, 77, 1);
insert into ridic (id_zamestnanec, id_vuz, smena) values (78, 78, 2);
insert into ridic (id_zamestnanec, id_vuz, smena) values (79, 79, 2);
insert into ridic (id_zamestnanec, id_vuz, smena) values (80, 80, 1);
insert into ridic (id_zamestnanec, id_vuz, smena) values (81, 81, 1);
insert into ridic (id_zamestnanec, id_vuz, smena) values (82, 82, 1);
insert into ridic (id_zamestnanec, id_vuz, smena) values (83, 83, 1);
insert into ridic (id_zamestnanec, id_vuz, smena) values (84, 84, 1);
insert into ridic (id_zamestnanec, id_vuz, smena) values (85, 85, 2);
insert into ridic (id_zamestnanec, id_vuz, smena) values (86, 86, 2);
insert into ridic (id_zamestnanec, id_vuz, smena) values (87, 87, 2);
insert into ridic (id_zamestnanec, id_vuz, smena) values (88, 88, 1);
insert into ridic (id_zamestnanec, id_vuz, smena) values (89, 89, 2);
insert into ridic (id_zamestnanec, id_vuz, smena) values (90, 90, 1);
insert into ridic (id_zamestnanec, id_vuz, smena) values (91, 91, 1);
insert into ridic (id_zamestnanec, id_vuz, smena) values (92, 92, 2);
insert into ridic (id_zamestnanec, id_vuz, smena) values (93, 93, 1);
insert into ridic (id_zamestnanec, id_vuz, smena) values (94, 94, 1);
insert into ridic (id_zamestnanec, id_vuz, smena) values (95, 95, 2);
insert into ridic (id_zamestnanec, id_vuz, smena) values (96, 96, 1);
insert into ridic (id_zamestnanec, id_vuz, smena) values (97, 97, 1);
insert into ridic (id_zamestnanec, id_vuz, smena) values (98, 98, 1);
insert into ridic (id_zamestnanec, id_vuz, smena) values (99, 99, 1);
insert into ridic (id_zamestnanec, id_vuz, smena) values (100, 100, 2);


--soucastka
insert into soucastka (id_soucastka, id_firma, id_robot, id_vuz, cena, cislo) values (1, 71, 59, 79, 6016.6, 948);
insert into soucastka (id_soucastka, id_firma, id_robot, id_vuz, cena, cislo) values (2, 21, 33, 59, 9572.6, 867);
insert into soucastka (id_soucastka, id_firma, id_robot, id_vuz, cena, cislo) values (3, 97, 77, 76, 4391.8, 655);
insert into soucastka (id_soucastka, id_firma, id_robot, id_vuz, cena, cislo) values (4, 25, 85, 89, 17611.5, 594);
insert into soucastka (id_soucastka, id_firma, id_robot, id_vuz, cena, cislo) values (5, 3, 30, 58, 14264.8, 464);
insert into soucastka (id_soucastka, id_firma, id_robot, id_vuz, cena, cislo) values (6, 72, 17, 28, 11607.1, 717);
insert into soucastka (id_soucastka, id_firma, id_robot, id_vuz, cena, cislo) values (7, 3, 70, 34, 7810.2, 846);
insert into soucastka (id_soucastka, id_firma, id_robot, id_vuz, cena, cislo) values (8, 94, 95, 42, 13827.2, 325);
insert into soucastka (id_soucastka, id_firma, id_robot, id_vuz, cena, cislo) values (9, 23, 28, 29, 288.0, 56);
insert into soucastka (id_soucastka, id_firma, id_robot, id_vuz, cena, cislo) values (10, 41, 68, 84, 6909.2, 317);
insert into soucastka (id_soucastka, id_firma, id_robot, id_vuz, cena, cislo) values (11, 34, 21, 52, 8974.8, 865);
insert into soucastka (id_soucastka, id_firma, id_robot, id_vuz, cena, cislo) values (12, 31, 71, 26, 9994.6, 250);
insert into soucastka (id_soucastka, id_firma, id_robot, id_vuz, cena, cislo) values (13, 57, 33, 49, 8190.5, 225);
insert into soucastka (id_soucastka, id_firma, id_robot, id_vuz, cena, cislo) values (14, 32, 23, 64, 18173.6, 889);
insert into soucastka (id_soucastka, id_firma, id_robot, id_vuz, cena, cislo) values (15, 85, 92, 86, 3809.4, 480);
insert into soucastka (id_soucastka, id_firma, id_robot, id_vuz, cena, cislo) values (16, 12, 60, 28, 10288.3, 142);
insert into soucastka (id_soucastka, id_firma, id_robot, id_vuz, cena, cislo) values (17, 99, 61, 20, 7825.6, 966);
insert into soucastka (id_soucastka, id_firma, id_robot, id_vuz, cena, cislo) values (18, 65, 96, 30, 15789.1, 497);
insert into soucastka (id_soucastka, id_firma, id_robot, id_vuz, cena, cislo) values (19, 38, 9, 83, 9421.1, 924);
insert into soucastka (id_soucastka, id_firma, id_robot, id_vuz, cena, cislo) values (20, 47, 3, 19, 16218.4, 58);
insert into soucastka (id_soucastka, id_firma, id_robot, id_vuz, cena, cislo) values (21, 48, 38, 16, 4692.3, 462);
insert into soucastka (id_soucastka, id_firma, id_robot, id_vuz, cena, cislo) values (22, 14, 48, 52, 16146.2, 889);
insert into soucastka (id_soucastka, id_firma, id_robot, id_vuz, cena, cislo) values (23, 65, 76, 49, 4438.6, 88);
insert into soucastka (id_soucastka, id_firma, id_robot, id_vuz, cena, cislo) values (24, 34, 7, 97, 11766.7, 641);
insert into soucastka (id_soucastka, id_firma, id_robot, id_vuz, cena, cislo) values (25, 6, 86, 32, 13416.0, 602);
insert into soucastka (id_soucastka, id_firma, id_robot, id_vuz, cena, cislo) values (26, 9, 62, 71, 2507.9, 985);
insert into soucastka (id_soucastka, id_firma, id_robot, id_vuz, cena, cislo) values (27, 46, 94, 21, 7747.9, 41);
insert into soucastka (id_soucastka, id_firma, id_robot, id_vuz, cena, cislo) values (28, 34, 8, 75, 2235.1, 600);
insert into soucastka (id_soucastka, id_firma, id_robot, id_vuz, cena, cislo) values (29, 67, 83, 77, 4070.9, 781);
insert into soucastka (id_soucastka, id_firma, id_robot, id_vuz, cena, cislo) values (30, 94, 6, 59, 653.9, 220);
insert into soucastka (id_soucastka, id_firma, id_robot, id_vuz, cena, cislo) values (31, 60, 70, 95, 12421.7, 377);
insert into soucastka (id_soucastka, id_firma, id_robot, id_vuz, cena, cislo) values (32, 91, 12, 23, 6732.6, 589);
insert into soucastka (id_soucastka, id_firma, id_robot, id_vuz, cena, cislo) values (33, 49, 4, 75, 13313.7, 586);
insert into soucastka (id_soucastka, id_firma, id_robot, id_vuz, cena, cislo) values (34, 90, 26, 28, 9384.7, 686);
insert into soucastka (id_soucastka, id_firma, id_robot, id_vuz, cena, cislo) values (35, 60, 72, 21, 9258.5, 734);
insert into soucastka (id_soucastka, id_firma, id_robot, id_vuz, cena, cislo) values (36, 78, 16, 77, 5223.7, 685);
insert into soucastka (id_soucastka, id_firma, id_robot, id_vuz, cena, cislo) values (37, 66, 65, 1, 3727.9, 308);
insert into soucastka (id_soucastka, id_firma, id_robot, id_vuz, cena, cislo) values (38, 61, 56, 37, 16598.6, 919);
insert into soucastka (id_soucastka, id_firma, id_robot, id_vuz, cena, cislo) values (39, 36, 45, 7, 16171.3, 117);
insert into soucastka (id_soucastka, id_firma, id_robot, id_vuz, cena, cislo) values (40, 60, 9, 48, 10393.9, 230);
insert into soucastka (id_soucastka, id_firma, id_robot, id_vuz, cena, cislo) values (41, 65, 43, 94, 9298.5, 105);
insert into soucastka (id_soucastka, id_firma, id_robot, id_vuz, cena, cislo) values (42, 41, 58, 71, 10728.6, 702);
insert into soucastka (id_soucastka, id_firma, id_robot, id_vuz, cena, cislo) values (43, 47, 7, 43, 9190.0, 228);
insert into soucastka (id_soucastka, id_firma, id_robot, id_vuz, cena, cislo) values (44, 92, 41, 80, 6533.9, 579);
insert into soucastka (id_soucastka, id_firma, id_robot, id_vuz, cena, cislo) values (45, 43, 23, 70, 6482.3, 722);
insert into soucastka (id_soucastka, id_firma, id_robot, id_vuz, cena, cislo) values (46, 72, 3, 80, 17607.1, 171);
insert into soucastka (id_soucastka, id_firma, id_robot, id_vuz, cena, cislo) values (47, 66, 34, 35, 13217.7, 278);
insert into soucastka (id_soucastka, id_firma, id_robot, id_vuz, cena, cislo) values (48, 23, 6, 77, 15096.0, 322);
insert into soucastka (id_soucastka, id_firma, id_robot, id_vuz, cena, cislo) values (49, 7, 76, 31, 9752.0, 5);
insert into soucastka (id_soucastka, id_firma, id_robot, id_vuz, cena, cislo) values (50, 49, 50, 17, 18286.5, 961);
insert into soucastka (id_soucastka, id_firma, id_robot, id_vuz, cena, cislo) values (51, 14, 87, 24, 17870.9, 687);
insert into soucastka (id_soucastka, id_firma, id_robot, id_vuz, cena, cislo) values (52, 71, 90, 55, 13157.4, 918);
insert into soucastka (id_soucastka, id_firma, id_robot, id_vuz, cena, cislo) values (53, 64, 77, 77, 15624.0, 840);
insert into soucastka (id_soucastka, id_firma, id_robot, id_vuz, cena, cislo) values (54, 35, 98, 48, 3616.0, 252);
insert into soucastka (id_soucastka, id_firma, id_robot, id_vuz, cena, cislo) values (55, 93, 53, 44, 16900.9, 785);
insert into soucastka (id_soucastka, id_firma, id_robot, id_vuz, cena, cislo) values (56, 99, 71, 15, 15940.4, 232);
insert into soucastka (id_soucastka, id_firma, id_robot, id_vuz, cena, cislo) values (57, 94, 36, 17, 7351.3, 723);
insert into soucastka (id_soucastka, id_firma, id_robot, id_vuz, cena, cislo) values (58, 71, 91, 17, 8779.4, 169);
insert into soucastka (id_soucastka, id_firma, id_robot, id_vuz, cena, cislo) values (59, 11, 69, 45, 510.7, 918);
insert into soucastka (id_soucastka, id_firma, id_robot, id_vuz, cena, cislo) values (60, 68, 85, 56, 12497.4, 607);
insert into soucastka (id_soucastka, id_firma, id_robot, id_vuz, cena, cislo) values (61, 39, 78, 46, 14508.4, 641);
insert into soucastka (id_soucastka, id_firma, id_robot, id_vuz, cena, cislo) values (62, 31, 45, 22, 5481.1, 741);
insert into soucastka (id_soucastka, id_firma, id_robot, id_vuz, cena, cislo) values (63, 85, 60, 25, 1882.1, 849);
insert into soucastka (id_soucastka, id_firma, id_robot, id_vuz, cena, cislo) values (64, 49, 96, 50, 16903.5, 58);
insert into soucastka (id_soucastka, id_firma, id_robot, id_vuz, cena, cislo) values (65, 13, 88, 96, 19725.8, 773);
insert into soucastka (id_soucastka, id_firma, id_robot, id_vuz, cena, cislo) values (66, 68, 21, 48, 4164.0, 152);
insert into soucastka (id_soucastka, id_firma, id_robot, id_vuz, cena, cislo) values (67, 81, 12, 47, 6515.6, 107);
insert into soucastka (id_soucastka, id_firma, id_robot, id_vuz, cena, cislo) values (68, 83, 21, 5, 8376.3, 429);
insert into soucastka (id_soucastka, id_firma, id_robot, id_vuz, cena, cislo) values (69, 36, 25, 58, 14627.7, 139);
insert into soucastka (id_soucastka, id_firma, id_robot, id_vuz, cena, cislo) values (70, 29, 33, 77, 14728.7, 7);
insert into soucastka (id_soucastka, id_firma, id_robot, id_vuz, cena, cislo) values (71, 48, 84, 9, 3139.2, 283);
insert into soucastka (id_soucastka, id_firma, id_robot, id_vuz, cena, cislo) values (72, 87, 1, 79, 5079.1, 396);
insert into soucastka (id_soucastka, id_firma, id_robot, id_vuz, cena, cislo) values (73, 88, 20, 24, 1978.5, 511);
insert into soucastka (id_soucastka, id_firma, id_robot, id_vuz, cena, cislo) values (74, 87, 62, 7, 2314.7, 668);
insert into soucastka (id_soucastka, id_firma, id_robot, id_vuz, cena, cislo) values (75, 89, 5, 18, 12117.0, 863);
insert into soucastka (id_soucastka, id_firma, id_robot, id_vuz, cena, cislo) values (76, 93, 10, 52, 19544.7, 288);
insert into soucastka (id_soucastka, id_firma, id_robot, id_vuz, cena, cislo) values (77, 19, 63, 47, 10012.3, 842);
insert into soucastka (id_soucastka, id_firma, id_robot, id_vuz, cena, cislo) values (78, 66, 16, 94, 1708.3, 444);
insert into soucastka (id_soucastka, id_firma, id_robot, id_vuz, cena, cislo) values (79, 21, 58, 5, 18068.0, 217);
insert into soucastka (id_soucastka, id_firma, id_robot, id_vuz, cena, cislo) values (80, 12, 100, 9, 1967.7, 573);
insert into soucastka (id_soucastka, id_firma, id_robot, id_vuz, cena, cislo) values (81, 99, 71, 91, 18652.7, 457);
insert into soucastka (id_soucastka, id_firma, id_robot, id_vuz, cena, cislo) values (82, 88, 3, 51, 912.1, 395);
insert into soucastka (id_soucastka, id_firma, id_robot, id_vuz, cena, cislo) values (83, 27, 35, 61, 6954.3, 900);
insert into soucastka (id_soucastka, id_firma, id_robot, id_vuz, cena, cislo) values (84, 31, 100, 23, 2835.9, 377);
insert into soucastka (id_soucastka, id_firma, id_robot, id_vuz, cena, cislo) values (85, 19, 50, 89, 525.1, 783);
insert into soucastka (id_soucastka, id_firma, id_robot, id_vuz, cena, cislo) values (86, 82, 88, 62, 8260.3, 112);
insert into soucastka (id_soucastka, id_firma, id_robot, id_vuz, cena, cislo) values (87, 18, 60, 84, 16085.0, 944);
insert into soucastka (id_soucastka, id_firma, id_robot, id_vuz, cena, cislo) values (88, 88, 40, 54, 9765.6, 857);
insert into soucastka (id_soucastka, id_firma, id_robot, id_vuz, cena, cislo) values (89, 70, 63, 12, 7543.7, 199);
insert into soucastka (id_soucastka, id_firma, id_robot, id_vuz, cena, cislo) values (90, 52, 50, 46, 7066.9, 513);
insert into soucastka (id_soucastka, id_firma, id_robot, id_vuz, cena, cislo) values (91, 26, 33, 57, 2168.6, 667);
insert into soucastka (id_soucastka, id_firma, id_robot, id_vuz, cena, cislo) values (92, 99, 71, 26, 11268.2, 128);
insert into soucastka (id_soucastka, id_firma, id_robot, id_vuz, cena, cislo) values (93, 70, 93, 24, 8384.0, 549);
insert into soucastka (id_soucastka, id_firma, id_robot, id_vuz, cena, cislo) values (94, 95, 100, 21, 11174.5, 814);
insert into soucastka (id_soucastka, id_firma, id_robot, id_vuz, cena, cislo) values (95, 45, 82, 67, 3134.7, 617);
insert into soucastka (id_soucastka, id_firma, id_robot, id_vuz, cena, cislo) values (96, 44, 76, 62, 5589.7, 93);
insert into soucastka (id_soucastka, id_firma, id_robot, id_vuz, cena, cislo) values (97, 89, 58, 64, 6989.6, 462);
insert into soucastka (id_soucastka, id_firma, id_robot, id_vuz, cena, cislo) values (98, 49, 39, 61, 1930.9, 624);
insert into soucastka (id_soucastka, id_firma, id_robot, id_vuz, cena, cislo) values (99, 91, 64, 95, 2771.6, 512);
insert into soucastka (id_soucastka, id_firma, id_robot, id_vuz, cena, cislo) values (100, 11, 86, 26, 6882.7, 242);


--student
insert into student (id_student, id_zamestnanec, obor, jmeno, prijmeni, plat, rocnik) values (1, 22, 'Recruiter', 'Gothart', 'Becconsall', 1013, 2);
insert into student (id_student, id_zamestnanec, obor, jmeno, prijmeni, plat, rocnik) values (2, 68, 'Operator', 'Brena', 'Fillary', 5505, 1);
insert into student (id_student, id_zamestnanec, obor, jmeno, prijmeni, plat, rocnik) values (3, 40, 'Social Worker', 'Miquela', 'Lernihan', 4359, 1);
insert into student (id_student, id_zamestnanec, obor, jmeno, prijmeni, plat, rocnik) values (4, 50, 'Senior Editor', 'Alida', 'Lillistone', 5991, 2);
insert into student (id_student, id_zamestnanec, obor, jmeno, prijmeni, plat, rocnik) values (5, 85, 'Actuary', 'Dagmar', 'Ecles', 3245, 3);
insert into student (id_student, id_zamestnanec, obor, jmeno, prijmeni, plat, rocnik) values (6, 37, 'Developer IV', 'Fee', 'Bartomeu', 6876, 1);
insert into student (id_student, id_zamestnanec, obor, jmeno, prijmeni, plat, rocnik) values (7, 28, 'VP Accounting', 'Cortney', 'Wherrett', 3041, 3);
insert into student (id_student, id_zamestnanec, obor, jmeno, prijmeni, plat, rocnik) values (8, 100, 'Senior Editor', 'Barrie', 'Ensley', 1800, 2);
insert into student (id_student, id_zamestnanec, obor, jmeno, prijmeni, plat, rocnik) values (9, 48, 'Paralegal', 'Bronson', 'Pummell', 9441, 1);
insert into student (id_student, id_zamestnanec, obor, jmeno, prijmeni, plat, rocnik) values (10, 14, 'Recruiting Manager', 'Clo', 'Fuggle', 3871, 3);
insert into student (id_student, id_zamestnanec, obor, jmeno, prijmeni, plat, rocnik) values (11, 11, 'Automation Specialist I', 'Yehudi', 'Borless', 3826, 2);
insert into student (id_student, id_zamestnanec, obor, jmeno, prijmeni, plat, rocnik) values (12, 90, 'Civil Engineer', 'Kellia', 'Poyzer', 2401, 3);
insert into student (id_student, id_zamestnanec, obor, jmeno, prijmeni, plat, rocnik) values (13, 16, 'Food Chemist', 'Federico', 'Raynor', 2869, 1);
insert into student (id_student, id_zamestnanec, obor, jmeno, prijmeni, plat, rocnik) values (14, 70, 'Marketing Manager', 'Shelbi', 'Killock', 2487, 1);
insert into student (id_student, id_zamestnanec, obor, jmeno, prijmeni, plat, rocnik) values (15, 77, 'Data Coordiator', 'Gasper', 'Bassett', 5582, 3);
insert into student (id_student, id_zamestnanec, obor, jmeno, prijmeni, plat, rocnik) values (16, 20, 'Administrative Officer', 'Roman', 'Craw', 4441, 2);
insert into student (id_student, id_zamestnanec, obor, jmeno, prijmeni, plat, rocnik) values (17, 18, 'Mechanical Systems Engineer', 'Louis', 'Stranahan', 6246, 2);
insert into student (id_student, id_zamestnanec, obor, jmeno, prijmeni, plat, rocnik) values (18, 8, 'Software Engineer IV', 'My', 'Pavie', 2004, 3);
insert into student (id_student, id_zamestnanec, obor, jmeno, prijmeni, plat, rocnik) values (19, 10, 'Systems Administrator I', 'Cordie', 'Pauluzzi', 1347, 2);
insert into student (id_student, id_zamestnanec, obor, jmeno, prijmeni, plat, rocnik) values (20, 59, 'Speech Pathologist', 'Adella', 'Clerke', 4938, 1);
insert into student (id_student, id_zamestnanec, obor, jmeno, prijmeni, plat, rocnik) values (21, 44, 'Accounting Assistant III', 'Florella', 'Grigorey', 3991, 2);
insert into student (id_student, id_zamestnanec, obor, jmeno, prijmeni, plat, rocnik) values (22, 60, 'Software Test Engineer III', 'Carrol', 'Komorowski', 3346, 1);
insert into student (id_student, id_zamestnanec, obor, jmeno, prijmeni, plat, rocnik) values (23, 41, 'Account Representative II', 'Marcia', 'Cosslett', 2147, 2);
insert into student (id_student, id_zamestnanec, obor, jmeno, prijmeni, plat, rocnik) values (24, 42, 'Technical Writer', 'Agnella', 'Bollen', 4004, 3);
insert into student (id_student, id_zamestnanec, obor, jmeno, prijmeni, plat, rocnik) values (25, 81, 'Registered Nurse', 'Caleb', 'Dumingos', 4566, 2);
insert into student (id_student, id_zamestnanec, obor, jmeno, prijmeni, plat, rocnik) values (26, 28, 'Data Coordiator', 'Rafaello', 'Richarson', 2472, 1);
insert into student (id_student, id_zamestnanec, obor, jmeno, prijmeni, plat, rocnik) values (27, 36, 'Food Chemist', 'Rudolph', 'Waterman', 9617, 2);
insert into student (id_student, id_zamestnanec, obor, jmeno, prijmeni, plat, rocnik) values (28, 3, 'Software Engineer II', 'Bathsheba', 'Lutwyche', 7680, 3);
insert into student (id_student, id_zamestnanec, obor, jmeno, prijmeni, plat, rocnik) values (29, 65, 'Software Consultant', 'Basilius', 'Beinke', 6100, 3);
insert into student (id_student, id_zamestnanec, obor, jmeno, prijmeni, plat, rocnik) values (30, 14, 'Junior Executive', 'Lanita', 'Lipsett', 9108, 1);
insert into student (id_student, id_zamestnanec, obor, jmeno, prijmeni, plat, rocnik) values (31, 48, 'Staff Accountant III', 'Karim', 'Ace', 3083, 3);
insert into student (id_student, id_zamestnanec, obor, jmeno, prijmeni, plat, rocnik) values (32, 90, 'Payment Adjustment Coordinator', 'Chicky', 'Linbohm', 4810, 3);
insert into student (id_student, id_zamestnanec, obor, jmeno, prijmeni, plat, rocnik) values (33, 54, 'Paralegal', 'Lauren', 'Utridge', 3760, 3);
insert into student (id_student, id_zamestnanec, obor, jmeno, prijmeni, plat, rocnik) values (34, 49, 'Biostatistician III', 'Maribeth', 'Calwell', 9219, 3);
insert into student (id_student, id_zamestnanec, obor, jmeno, prijmeni, plat, rocnik) values (35, 84, 'Paralegal', 'Hughie', 'Fellows', 7837, 3);
insert into student (id_student, id_zamestnanec, obor, jmeno, prijmeni, plat, rocnik) values (36, 62, 'Registered Nurse', 'Jessie', 'Shingles', 1973, 1);
insert into student (id_student, id_zamestnanec, obor, jmeno, prijmeni, plat, rocnik) values (37, 37, 'Health Coach III', 'Marve', 'Halgarth', 2244, 1);
insert into student (id_student, id_zamestnanec, obor, jmeno, prijmeni, plat, rocnik) values (38, 43, 'Statistician I', 'Leanora', 'Sheehan', 1835, 1);
insert into student (id_student, id_zamestnanec, obor, jmeno, prijmeni, plat, rocnik) values (39, 69, 'Analog Circuit Design manager', 'Willie', 'Skilbeck', 3773, 3);
insert into student (id_student, id_zamestnanec, obor, jmeno, prijmeni, plat, rocnik) values (40, 96, 'Safety Technician I', 'Tammy', 'Ixer', 7379, 2);
insert into student (id_student, id_zamestnanec, obor, jmeno, prijmeni, plat, rocnik) values (41, 58, 'Actuary', 'Batsheva', 'Threadgill', 5839, 2);
insert into student (id_student, id_zamestnanec, obor, jmeno, prijmeni, plat, rocnik) values (42, 63, 'Human Resources Assistant II', 'Jolynn', 'Clarabut', 3861, 1);
insert into student (id_student, id_zamestnanec, obor, jmeno, prijmeni, plat, rocnik) values (43, 74, 'Web Developer IV', 'Gwenora', 'Gliddon', 1523, 3);
insert into student (id_student, id_zamestnanec, obor, jmeno, prijmeni, plat, rocnik) values (44, 16, 'Research Associate', 'Tabatha', 'Spellessy', 5352, 2);
insert into student (id_student, id_zamestnanec, obor, jmeno, prijmeni, plat, rocnik) values (45, 97, 'Structural Analysis Engineer', 'Hermina', 'Darco', 9474, 1);
insert into student (id_student, id_zamestnanec, obor, jmeno, prijmeni, plat, rocnik) values (46, 90, 'Electrical Engineer', 'Chrysler', 'Skayman', 5567, 2);
insert into student (id_student, id_zamestnanec, obor, jmeno, prijmeni, plat, rocnik) values (47, 82, 'Account Representative I', 'Roxine', 'Goggin', 6640, 1);
insert into student (id_student, id_zamestnanec, obor, jmeno, prijmeni, plat, rocnik) values (48, 48, 'Chemical Engineer', 'Steffie', 'Longbothom', 8860, 1);
insert into student (id_student, id_zamestnanec, obor, jmeno, prijmeni, plat, rocnik) values (49, 98, 'Recruiting Manager', 'Sashenka', 'Laurent', 8939, 2);
insert into student (id_student, id_zamestnanec, obor, jmeno, prijmeni, plat, rocnik) values (50, 68, 'Computer Systems Analyst IV', 'Mira', 'Brooksby', 5175, 1);
insert into student (id_student, id_zamestnanec, obor, jmeno, prijmeni, plat, rocnik) values (51, 20, 'Cost Accountant', 'Sioux', 'Barber', 4760, 2);
insert into student (id_student, id_zamestnanec, obor, jmeno, prijmeni, plat, rocnik) values (52, 93, 'Payment Adjustment Coordinator', 'Bernice', 'Dearman', 6191, 2);
insert into student (id_student, id_zamestnanec, obor, jmeno, prijmeni, plat, rocnik) values (53, 13, 'Quality Control Specialist', 'Irita', 'Cordero', 5843, 1);
insert into student (id_student, id_zamestnanec, obor, jmeno, prijmeni, plat, rocnik) values (54, 64, 'Office Assistant II', 'Antonius', 'Florey', 2095, 1);
insert into student (id_student, id_zamestnanec, obor, jmeno, prijmeni, plat, rocnik) values (55, 77, 'Biostatistician II', 'Clemmie', 'Ashling', 8779, 3);
insert into student (id_student, id_zamestnanec, obor, jmeno, prijmeni, plat, rocnik) values (56, 49, 'Senior Financial Analyst', 'Sherm', 'Shurmore', 3803, 2);
insert into student (id_student, id_zamestnanec, obor, jmeno, prijmeni, plat, rocnik) values (57, 56, 'Account Representative III', 'Candie', 'Sterricks', 2045, 1);
insert into student (id_student, id_zamestnanec, obor, jmeno, prijmeni, plat, rocnik) values (58, 69, 'Nurse', 'Nye', 'Hirthe', 5587, 1);
insert into student (id_student, id_zamestnanec, obor, jmeno, prijmeni, plat, rocnik) values (59, 10, 'General Manager', 'Nicola', 'Swaine', 3987, 1);
insert into student (id_student, id_zamestnanec, obor, jmeno, prijmeni, plat, rocnik) values (60, 15, 'Nurse Practicioner', 'Derrek', 'Mallabund', 4941, 2);
insert into student (id_student, id_zamestnanec, obor, jmeno, prijmeni, plat, rocnik) values (61, 65, 'Account Representative III', 'Leoline', 'Bradbeer', 2932, 3);
insert into student (id_student, id_zamestnanec, obor, jmeno, prijmeni, plat, rocnik) values (62, 11, 'Senior Cost Accountant', 'Dolli', 'Hatrick', 4199, 3);
insert into student (id_student, id_zamestnanec, obor, jmeno, prijmeni, plat, rocnik) values (63, 56, 'Statistician III', 'Morgan', 'Lapish', 9704, 3);
insert into student (id_student, id_zamestnanec, obor, jmeno, prijmeni, plat, rocnik) values (64, 68, 'Executive Secretary', 'Dora', 'Clawson', 6604, 1);
insert into student (id_student, id_zamestnanec, obor, jmeno, prijmeni, plat, rocnik) values (65, 94, 'Physical Therapy Assistant', 'Johnny', 'Nurcombe', 6230, 2);
insert into student (id_student, id_zamestnanec, obor, jmeno, prijmeni, plat, rocnik) values (66, 30, 'General Manager', 'Ephrem', 'Ewen', 2246, 2);
insert into student (id_student, id_zamestnanec, obor, jmeno, prijmeni, plat, rocnik) values (67, 97, 'Assistant Professor', 'Garvy', 'Wohlers', 7172, 3);
insert into student (id_student, id_zamestnanec, obor, jmeno, prijmeni, plat, rocnik) values (68, 58, 'Automation Specialist I', 'Keslie', 'Slimm', 9540, 1);
insert into student (id_student, id_zamestnanec, obor, jmeno, prijmeni, plat, rocnik) values (69, 64, 'Financial Analyst', 'Janina', 'Sawkins', 1706, 3);
insert into student (id_student, id_zamestnanec, obor, jmeno, prijmeni, plat, rocnik) values (70, 20, 'Social Worker', 'Deedee', 'Bonds', 6030, 2);
insert into student (id_student, id_zamestnanec, obor, jmeno, prijmeni, plat, rocnik) values (71, 30, 'Systems Administrator III', 'Avrit', 'Scottini', 5183, 2);
insert into student (id_student, id_zamestnanec, obor, jmeno, prijmeni, plat, rocnik) values (72, 78, 'Office Assistant III', 'Ainslie', 'Boxhall', 6225, 2);
insert into student (id_student, id_zamestnanec, obor, jmeno, prijmeni, plat, rocnik) values (73, 50, 'Accountant II', 'Catriona', 'Jephcote', 5511, 1);
insert into student (id_student, id_zamestnanec, obor, jmeno, prijmeni, plat, rocnik) values (74, 5, 'Technical Writer', 'Constanta', 'Machans', 2428, 2);
insert into student (id_student, id_zamestnanec, obor, jmeno, prijmeni, plat, rocnik) values (75, 59, 'Human Resources Assistant I', 'Auguste', 'Coxall', 2583, 3);
insert into student (id_student, id_zamestnanec, obor, jmeno, prijmeni, plat, rocnik) values (76, 20, 'Legal Assistant', 'Jewelle', 'Esom', 1385, 3);
insert into student (id_student, id_zamestnanec, obor, jmeno, prijmeni, plat, rocnik) values (77, 64, 'Biostatistician I', 'Kesley', 'Seabrook', 6952, 2);
insert into student (id_student, id_zamestnanec, obor, jmeno, prijmeni, plat, rocnik) values (78, 67, 'Geological Engineer', 'Kathye', 'Alekseev', 4082, 2);
insert into student (id_student, id_zamestnanec, obor, jmeno, prijmeni, plat, rocnik) values (79, 26, 'Environmental Specialist', 'Caryl', 'Caspell', 4602, 3);
insert into student (id_student, id_zamestnanec, obor, jmeno, prijmeni, plat, rocnik) values (80, 57, 'Financial Advisor', 'Tabb', 'Loveless', 7361, 1);
insert into student (id_student, id_zamestnanec, obor, jmeno, prijmeni, plat, rocnik) values (81, 10, 'Cost Accountant', 'Babbie', 'Fabbro', 4426, 3);
insert into student (id_student, id_zamestnanec, obor, jmeno, prijmeni, plat, rocnik) values (82, 63, 'Research Associate', 'Max', 'Pershouse', 6229, 1);
insert into student (id_student, id_zamestnanec, obor, jmeno, prijmeni, plat, rocnik) values (83, 55, 'Product Engineer', 'Caspar', 'Trappe', 8025, 3);
insert into student (id_student, id_zamestnanec, obor, jmeno, prijmeni, plat, rocnik) values (84, 4, 'Media Manager I', 'Boycey', 'Stennings', 9224, 1);
insert into student (id_student, id_zamestnanec, obor, jmeno, prijmeni, plat, rocnik) values (85, 61, 'Nurse Practicioner', 'Oriana', 'Follacaro', 9869, 1);
insert into student (id_student, id_zamestnanec, obor, jmeno, prijmeni, plat, rocnik) values (86, 85, 'General Manager', 'Desirae', 'Filson', 7876, 1);
insert into student (id_student, id_zamestnanec, obor, jmeno, prijmeni, plat, rocnik) values (87, 41, 'Occupational Therapist', 'Shell', 'Mabone', 8085, 3);
insert into student (id_student, id_zamestnanec, obor, jmeno, prijmeni, plat, rocnik) values (88, 90, 'VP Accounting', 'Adelaide', 'Enderle', 4957, 2);
insert into student (id_student, id_zamestnanec, obor, jmeno, prijmeni, plat, rocnik) values (89, 23, 'Assistant Manager', 'Cori', 'Tinkler', 1093, 1);
insert into student (id_student, id_zamestnanec, obor, jmeno, prijmeni, plat, rocnik) values (90, 91, 'Associate Professor', 'Kelila', 'Pudner', 5742, 3);
insert into student (id_student, id_zamestnanec, obor, jmeno, prijmeni, plat, rocnik) values (91, 15, 'Teacher', 'Noelle', 'Creenan', 5285, 2);
insert into student (id_student, id_zamestnanec, obor, jmeno, prijmeni, plat, rocnik) values (92, 26, 'Engineer IV', 'Roy', 'Bettley', 7923, 2);
insert into student (id_student, id_zamestnanec, obor, jmeno, prijmeni, plat, rocnik) values (93, 27, 'Chief Design Engineer', 'Katusha', 'Litchmore', 8511, 3);
insert into student (id_student, id_zamestnanec, obor, jmeno, prijmeni, plat, rocnik) values (94, 74, 'VP Sales', 'Helen-elizabeth', 'Thiem', 6870, 3);
insert into student (id_student, id_zamestnanec, obor, jmeno, prijmeni, plat, rocnik) values (95, 92, 'Legal Assistant', 'Bird', 'Lawtie', 7007, 3);
insert into student (id_student, id_zamestnanec, obor, jmeno, prijmeni, plat, rocnik) values (96, 25, 'Account Coordinator', 'Riley', 'McIan', 3101, 1);
insert into student (id_student, id_zamestnanec, obor, jmeno, prijmeni, plat, rocnik) values (97, 23, 'Electrical Engineer', 'Fairlie', 'Mence', 9495, 1);
insert into student (id_student, id_zamestnanec, obor, jmeno, prijmeni, plat, rocnik) values (98, 29, 'Human Resources Manager', 'Kort', 'Gaylord', 8961, 3);
insert into student (id_student, id_zamestnanec, obor, jmeno, prijmeni, plat, rocnik) values (99, 93, 'Legal Assistant', 'Derwin', 'Mityushin', 7995, 3);
insert into student (id_student, id_zamestnanec, obor, jmeno, prijmeni, plat, rocnik) values (100, 21, 'VP Accounting', 'Lesly', 'Munn', 3294, 3);

--univerzita
insert into univerzita (id_univerzita, nazev) values (1, 'Edgewood College');
insert into univerzita (id_univerzita, nazev) values (2, 'St. Petersburg State University of Waterway Communications');
insert into univerzita (id_univerzita, nazev) values (3, 'St. Francis College, Loretto');
insert into univerzita (id_univerzita, nazev) values (4, 'cole Polytechnique de Montral, Universit de Montral');
insert into univerzita (id_univerzita, nazev) values (5, 'Technological University of Podillya');
insert into univerzita (id_univerzita, nazev) values (6, 'Tianjin Polytechnic University');
insert into univerzita (id_univerzita, nazev) values (7, 'Allahabad University');
insert into univerzita (id_univerzita, nazev) values (8, 'Facults Universitaires Catholiques de Mons');
insert into univerzita (id_univerzita, nazev) values (9, 'Universit Kasdi Merbah Ouargla');
insert into univerzita (id_univerzita, nazev) values (10, 'Universit Catholique de Bukavu');
insert into univerzita (id_univerzita, nazev) values (11, 'University of Science and Technology Sana''a');
insert into univerzita (id_univerzita, nazev) values (12, 'Ibn Sina National College for Medical Studies ');
insert into univerzita (id_univerzita, nazev) values (13, 'Universit Virtuelle de Tunis');
insert into univerzita (id_univerzita, nazev) values (14, 'Mount Mercy College');
insert into univerzita (id_univerzita, nazev) values (15, 'Murray State University');
insert into univerzita (id_univerzita, nazev) values (16, 'Notre Dame College of Ohio');
insert into univerzita (id_univerzita, nazev) values (17, 'Tamkang University');
insert into univerzita (id_univerzita, nazev) values (18, 'Universidad Privada Sergio Bernales');
insert into univerzita (id_univerzita, nazev) values (19, 'Academy of Economics in Katowice');
insert into univerzita (id_univerzita, nazev) values (20, 'Oakland City University');
insert into univerzita (id_univerzita, nazev) values (21, 'Southern University - Shreveport');
insert into univerzita (id_univerzita, nazev) values (22, 'Universidade do Oeste Paulista');
insert into univerzita (id_univerzita, nazev) values (23, 'University of LaVerne in Athens');
insert into univerzita (id_univerzita, nazev) values (24, 'Universidad Centroamericana');
insert into univerzita (id_univerzita, nazev) values (25, 'Pyongyang University of Science and Technology');
insert into univerzita (id_univerzita, nazev) values (26, 'Paichai University');
insert into univerzita (id_univerzita, nazev) values (27, 'University of Eastern Philippines');
insert into univerzita (id_univerzita, nazev) values (28, 'University of Iowa');
insert into univerzita (id_univerzita, nazev) values (29, 'Ukrainian National Forestry University');
insert into univerzita (id_univerzita, nazev) values (30, 'Royal Danish Academy of Fine Arts, School of Visual Art');
insert into univerzita (id_univerzita, nazev) values (31, 'Indian Institute of Management, Tiruchirappalli');
insert into univerzita (id_univerzita, nazev) values (32, 'The Boston Conservatory');
insert into univerzita (id_univerzita, nazev) values (33, 'Universidad Catlica Argentina Santa Maria de los Buenos Aires');
insert into univerzita (id_univerzita, nazev) values (34, 'Universidad Nacional Mayor de San Marcos');
insert into univerzita (id_univerzita, nazev) values (35, 'State University of Aerospace Technologies');
insert into univerzita (id_univerzita, nazev) values (36, 'University of the City of Manila');
insert into univerzita (id_univerzita, nazev) values (37, 'University of Rio Grande');
insert into univerzita (id_univerzita, nazev) values (38, 'Higher School of University and Advanced Studies Pisa');
insert into univerzita (id_univerzita, nazev) values (39, 'Cecos Univeristy of Information Technology');
insert into univerzita (id_univerzita, nazev) values (40, 'Kagawa Institute of Nutrition');
insert into univerzita (id_univerzita, nazev) values (41, 'City University of New York, Bernard M. Baruch College');
insert into univerzita (id_univerzita, nazev) values (42, 'Universidad Dominico-Americana');
insert into univerzita (id_univerzita, nazev) values (43, 'Pedagogical University of Kielce');
insert into univerzita (id_univerzita, nazev) values (44, 'Universidad Privada del Norte');
insert into univerzita (id_univerzita, nazev) values (45, 'Universit d''Auvergne (Clermont-Ferrand I)');
insert into univerzita (id_univerzita, nazev) values (46, 'Universidad Franciscana de Mxico');
insert into univerzita (id_univerzita, nazev) values (47, 'Andon College - Stockton');
insert into univerzita (id_univerzita, nazev) values (48, 'Gulu University');
insert into univerzita (id_univerzita, nazev) values (49, 'Ibaraki Prefectural University of Health Sciences');
insert into univerzita (id_univerzita, nazev) values (50, 'Yznc Yil (Centennial) University');
insert into univerzita (id_univerzita, nazev) values (51, 'University of Technology - Iraq');
insert into univerzita (id_univerzita, nazev) values (52, 'Southern College of Optometry');
insert into univerzita (id_univerzita, nazev) values (53, 'Universidad de Navarra');
insert into univerzita (id_univerzita, nazev) values (54, 'Daemen College');
insert into univerzita (id_univerzita, nazev) values (55, 'American University of the Caribbean, School of Medicine');
insert into univerzita (id_univerzita, nazev) values (56, 'Kotelawala Defence University');
insert into univerzita (id_univerzita, nazev) values (57, 'Meio University');
insert into univerzita (id_univerzita, nazev) values (58, 'Universidad Nacional de La Libertad, Trujillo');
insert into univerzita (id_univerzita, nazev) values (59, 'Asahi University');
insert into univerzita (id_univerzita, nazev) values (60, 'Izhevsk State Technical University');
insert into univerzita (id_univerzita, nazev) values (61, 'Hampshire College');
insert into univerzita (id_univerzita, nazev) values (62, 'Southwest Missouri State University - West Plains');
insert into univerzita (id_univerzita, nazev) values (63, 'Sambalpur University');
insert into univerzita (id_univerzita, nazev) values (64, 'Islamic Azad University, Bostanabad');
insert into univerzita (id_univerzita, nazev) values (65, 'Reitaku University');
insert into univerzita (id_univerzita, nazev) values (66, 'Tsurumi University');
insert into univerzita (id_univerzita, nazev) values (67, 'Universitt Kln');
insert into univerzita (id_univerzita, nazev) values (68, 'Universitt Liechtenstein');
insert into univerzita (id_univerzita, nazev) values (69, 'National Taitung Teachers College');
insert into univerzita (id_univerzita, nazev) values (70, 'University of Sierra Leone');
insert into univerzita (id_univerzita, nazev) values (71, 'Universitas Ngurah Rai');
insert into univerzita (id_univerzita, nazev) values (72, 'Baika Women''s College');
insert into univerzita (id_univerzita, nazev) values (73, 'National University of Ireland, Galway');
insert into univerzita (id_univerzita, nazev) values (74, 'Nagoya College of Music');
insert into univerzita (id_univerzita, nazev) values (75, 'Europa-Universitt Viadrina Frankfurt (Oder)');
insert into univerzita (id_univerzita, nazev) values (76, 'Ecole Suprieure de Commerce de Marseille-Provence');
insert into univerzita (id_univerzita, nazev) values (77, 'Schenyi Istvn University');
insert into univerzita (id_univerzita, nazev) values (78, 'Loras College');
insert into univerzita (id_univerzita, nazev) values (79, 'Murni Nursing College');
insert into univerzita (id_univerzita, nazev) values (80, 'Institut National Suprieur de Formation Agro-Alimentaire');
insert into univerzita (id_univerzita, nazev) values (81, 'Tianjin Polytechnic University');
insert into univerzita (id_univerzita, nazev) values (82, 'Tokai Gakuen University');
insert into univerzita (id_univerzita, nazev) values (83, 'University of Cagliari');
insert into univerzita (id_univerzita, nazev) values (84, 'Rabindra Bharati University');
insert into univerzita (id_univerzita, nazev) values (85, 'Brussels School of International Studies');
insert into univerzita (id_univerzita, nazev) values (86, 'Antioch University Los Angeles');
insert into univerzita (id_univerzita, nazev) values (87, 'City University Athens');
insert into univerzita (id_univerzita, nazev) values (88, 'Aga Khan University');
insert into univerzita (id_univerzita, nazev) values (89, 'Abo Akademi University');
insert into univerzita (id_univerzita, nazev) values (90, 'Fachhochschule Kempten, Hochschule fr Technik und Wirtschaft');
insert into univerzita (id_univerzita, nazev) values (91, 'Zanjan Institute for Advanced Studies in Basic Sciences');
insert into univerzita (id_univerzita, nazev) values (92, 'Westwood College');
insert into univerzita (id_univerzita, nazev) values (93, 'Universidad de Tarapac');
insert into univerzita (id_univerzita, nazev) values (94, 'University of Sri Jayawardenapura');
insert into univerzita (id_univerzita, nazev) values (95, 'Police Academy');
insert into univerzita (id_univerzita, nazev) values (96, 'Fukui Medical School');
insert into univerzita (id_univerzita, nazev) values (97, 'Universidade de Tras-os-Montes e Alto Douro');
insert into univerzita (id_univerzita, nazev) values (98, 'Kamrah International Institute of Technology (KIIT)');
insert into univerzita (id_univerzita, nazev) values (99, 'University of Jyvskyl');
insert into univerzita (id_univerzita, nazev) values (100, 'Oklahoma City University');


--vytvoren
insert into vytvoren (id_robot, id_zamestnanec) values (80, 64);
insert into vytvoren (id_robot, id_zamestnanec) values (83, 77);
insert into vytvoren (id_robot, id_zamestnanec) values (18, 29);
insert into vytvoren (id_robot, id_zamestnanec) values (21, 37);
insert into vytvoren (id_robot, id_zamestnanec) values (87, 27);
insert into vytvoren (id_robot, id_zamestnanec) values (84, 59);
insert into vytvoren (id_robot, id_zamestnanec) values (23, 60);
insert into vytvoren (id_robot, id_zamestnanec) values (35, 54);
insert into vytvoren (id_robot, id_zamestnanec) values (12, 67);
insert into vytvoren (id_robot, id_zamestnanec) values (34, 79);
insert into vytvoren (id_robot, id_zamestnanec) values (38, 93);
insert into vytvoren (id_robot, id_zamestnanec) values (75, 62);
insert into vytvoren (id_robot, id_zamestnanec) values (57, 44);
insert into vytvoren (id_robot, id_zamestnanec) values (67, 23);
insert into vytvoren (id_robot, id_zamestnanec) values (67, 66);
insert into vytvoren (id_robot, id_zamestnanec) values (69, 4);
insert into vytvoren (id_robot, id_zamestnanec) values (40, 1);
insert into vytvoren (id_robot, id_zamestnanec) values (43, 46);
insert into vytvoren (id_robot, id_zamestnanec) values (60, 82);
insert into vytvoren (id_robot, id_zamestnanec) values (10, 77);
insert into vytvoren (id_robot, id_zamestnanec) values (8, 97);
insert into vytvoren (id_robot, id_zamestnanec) values (4, 91);
insert into vytvoren (id_robot, id_zamestnanec) values (57, 35);
insert into vytvoren (id_robot, id_zamestnanec) values (80, 72);
insert into vytvoren (id_robot, id_zamestnanec) values (32, 49);
insert into vytvoren (id_robot, id_zamestnanec) values (99, 19);
insert into vytvoren (id_robot, id_zamestnanec) values (50, 13);
insert into vytvoren (id_robot, id_zamestnanec) values (13, 61);
insert into vytvoren (id_robot, id_zamestnanec) values (6, 88);
insert into vytvoren (id_robot, id_zamestnanec) values (98, 76);
insert into vytvoren (id_robot, id_zamestnanec) values (50, 76);
insert into vytvoren (id_robot, id_zamestnanec) values (37, 44);
insert into vytvoren (id_robot, id_zamestnanec) values (66, 6);
insert into vytvoren (id_robot, id_zamestnanec) values (62, 65);
insert into vytvoren (id_robot, id_zamestnanec) values (8, 39);
insert into vytvoren (id_robot, id_zamestnanec) values (28, 51);
insert into vytvoren (id_robot, id_zamestnanec) values (78, 10);
insert into vytvoren (id_robot, id_zamestnanec) values (42, 63);
insert into vytvoren (id_robot, id_zamestnanec) values (98, 95);
insert into vytvoren (id_robot, id_zamestnanec) values (84, 23);
insert into vytvoren (id_robot, id_zamestnanec) values (78, 22);
insert into vytvoren (id_robot, id_zamestnanec) values (11, 65);
insert into vytvoren (id_robot, id_zamestnanec) values (58, 15);
insert into vytvoren (id_robot, id_zamestnanec) values (4, 35);
insert into vytvoren (id_robot, id_zamestnanec) values (60, 17);
insert into vytvoren (id_robot, id_zamestnanec) values (71, 52);
insert into vytvoren (id_robot, id_zamestnanec) values (48, 37);
insert into vytvoren (id_robot, id_zamestnanec) values (56, 48);
insert into vytvoren (id_robot, id_zamestnanec) values (74, 78);
insert into vytvoren (id_robot, id_zamestnanec) values (7, 46);
insert into vytvoren (id_robot, id_zamestnanec) values (99, 76);
insert into vytvoren (id_robot, id_zamestnanec) values (72, 99);
insert into vytvoren (id_robot, id_zamestnanec) values (8, 99);
insert into vytvoren (id_robot, id_zamestnanec) values (63, 1);
insert into vytvoren (id_robot, id_zamestnanec) values (11, 76);
insert into vytvoren (id_robot, id_zamestnanec) values (90, 65);
insert into vytvoren (id_robot, id_zamestnanec) values (95, 32);
insert into vytvoren (id_robot, id_zamestnanec) values (3, 4);
insert into vytvoren (id_robot, id_zamestnanec) values (95, 40);
insert into vytvoren (id_robot, id_zamestnanec) values (54, 86);
insert into vytvoren (id_robot, id_zamestnanec) values (79, 84);
insert into vytvoren (id_robot, id_zamestnanec) values (83, 53);
insert into vytvoren (id_robot, id_zamestnanec) values (58, 11);
insert into vytvoren (id_robot, id_zamestnanec) values (80, 51);
insert into vytvoren (id_robot, id_zamestnanec) values (37, 75);
insert into vytvoren (id_robot, id_zamestnanec) values (79, 40);
insert into vytvoren (id_robot, id_zamestnanec) values (26, 12);
insert into vytvoren (id_robot, id_zamestnanec) values (45, 76);
insert into vytvoren (id_robot, id_zamestnanec) values (40, 96);
insert into vytvoren (id_robot, id_zamestnanec) values (27, 44);
insert into vytvoren (id_robot, id_zamestnanec) values (70, 69);
insert into vytvoren (id_robot, id_zamestnanec) values (89, 80);
insert into vytvoren (id_robot, id_zamestnanec) values (96, 84);
insert into vytvoren (id_robot, id_zamestnanec) values (5, 63);
insert into vytvoren (id_robot, id_zamestnanec) values (69, 10);
insert into vytvoren (id_robot, id_zamestnanec) values (51, 1);
insert into vytvoren (id_robot, id_zamestnanec) values (41, 28);
insert into vytvoren (id_robot, id_zamestnanec) values (67, 22);
insert into vytvoren (id_robot, id_zamestnanec) values (43, 42);
insert into vytvoren (id_robot, id_zamestnanec) values (60, 62);
insert into vytvoren (id_robot, id_zamestnanec) values (83, 76);
insert into vytvoren (id_robot, id_zamestnanec) values (60, 90);
insert into vytvoren (id_robot, id_zamestnanec) values (57, 62);
insert into vytvoren (id_robot, id_zamestnanec) values (21, 87);
insert into vytvoren (id_robot, id_zamestnanec) values (55, 57);
insert into vytvoren (id_robot, id_zamestnanec) values (31, 30);
insert into vytvoren (id_robot, id_zamestnanec) values (91, 84);
insert into vytvoren (id_robot, id_zamestnanec) values (45, 59);
insert into vytvoren (id_robot, id_zamestnanec) values (47, 79);
insert into vytvoren (id_robot, id_zamestnanec) values (47, 46);
insert into vytvoren (id_robot, id_zamestnanec) values (80, 71);
insert into vytvoren (id_robot, id_zamestnanec) values (44, 72);
insert into vytvoren (id_robot, id_zamestnanec) values (55, 5);
insert into vytvoren (id_robot, id_zamestnanec) values (50, 70);
insert into vytvoren (id_robot, id_zamestnanec) values (46, 97);
insert into vytvoren (id_robot, id_zamestnanec) values (6, 28);
insert into vytvoren (id_robot, id_zamestnanec) values (63, 11);
insert into vytvoren (id_robot, id_zamestnanec) values (49, 22);
insert into vytvoren (id_robot, id_zamestnanec) values (62, 37);
insert into vytvoren (id_robot, id_zamestnanec) values (61, 37);
insert into vytvoren (id_robot, id_zamestnanec) values (64, 37);
insert into vytvoren (id_robot, id_zamestnanec) values (79, 37);
insert into vytvoren (id_robot, id_zamestnanec) values (62, 50);
insert into vytvoren (id_robot, id_zamestnanec) values (61, 50);
insert into vytvoren (id_robot, id_zamestnanec) values (64, 50);
insert into vytvoren (id_robot, id_zamestnanec) values (79, 50);
insert into vytvoren (id_robot, id_zamestnanec) values (97, 40);
insert into vytvoren (id_robot, id_zamestnanec) values (59, 40);

--ma
insert into ma (id_student, id_univerzita) values (79, 16);
insert into ma (id_student, id_univerzita) values (71, 4);
insert into ma (id_student, id_univerzita) values (87, 57);
insert into ma (id_student, id_univerzita) values (78, 87);
insert into ma (id_student, id_univerzita) values (80, 16);
insert into ma (id_student, id_univerzita) values (56, 56);
insert into ma (id_student, id_univerzita) values (87, 52);
insert into ma (id_student, id_univerzita) values (76, 6);
insert into ma (id_student, id_univerzita) values (89, 37);
insert into ma (id_student, id_univerzita) values (18, 31);
insert into ma (id_student, id_univerzita) values (21, 17);
insert into ma (id_student, id_univerzita) values (48, 49);
insert into ma (id_student, id_univerzita) values (17, 90);
insert into ma (id_student, id_univerzita) values (93, 33);
insert into ma (id_student, id_univerzita) values (72, 54);
insert into ma (id_student, id_univerzita) values (15, 58);
insert into ma (id_student, id_univerzita) values (37, 60);
insert into ma (id_student, id_univerzita) values (63, 8);
insert into ma (id_student, id_univerzita) values (20, 2);
insert into ma (id_student, id_univerzita) values (15, 32);
insert into ma (id_student, id_univerzita) values (68, 5);
insert into ma (id_student, id_univerzita) values (49, 16);
insert into ma (id_student, id_univerzita) values (34, 22);
insert into ma (id_student, id_univerzita) values (13, 5);
insert into ma (id_student, id_univerzita) values (10, 94);
insert into ma (id_student, id_univerzita) values (63, 81);
insert into ma (id_student, id_univerzita) values (73, 78);
insert into ma (id_student, id_univerzita) values (1, 76);
insert into ma (id_student, id_univerzita) values (64, 19);
insert into ma (id_student, id_univerzita) values (100, 58);
insert into ma (id_student, id_univerzita) values (62, 87);
insert into ma (id_student, id_univerzita) values (49, 17);
insert into ma (id_student, id_univerzita) values (13, 83);
insert into ma (id_student, id_univerzita) values (87, 58);
insert into ma (id_student, id_univerzita) values (99, 72);
insert into ma (id_student, id_univerzita) values (32, 11);
insert into ma (id_student, id_univerzita) values (41, 78);
insert into ma (id_student, id_univerzita) values (64, 18);
insert into ma (id_student, id_univerzita) values (76, 80);
insert into ma (id_student, id_univerzita) values (8, 64);
insert into ma (id_student, id_univerzita) values (97, 73);
insert into ma (id_student, id_univerzita) values (58, 69);
insert into ma (id_student, id_univerzita) values (35, 80);
insert into ma (id_student, id_univerzita) values (33, 39);
insert into ma (id_student, id_univerzita) values (48, 90);
insert into ma (id_student, id_univerzita) values (2, 23);
insert into ma (id_student, id_univerzita) values (82, 33);
insert into ma (id_student, id_univerzita) values (100, 68);
insert into ma (id_student, id_univerzita) values (65, 53);
insert into ma (id_student, id_univerzita) values (54, 23);
insert into ma (id_student, id_univerzita) values (38, 21);
insert into ma (id_student, id_univerzita) values (58, 9);
insert into ma (id_student, id_univerzita) values (58, 58);
insert into ma (id_student, id_univerzita) values (22, 34);
insert into ma (id_student, id_univerzita) values (36, 37);
insert into ma (id_student, id_univerzita) values (14, 74);
insert into ma (id_student, id_univerzita) values (14, 68);
insert into ma (id_student, id_univerzita) values (40, 70);
insert into ma (id_student, id_univerzita) values (44, 6);
insert into ma (id_student, id_univerzita) values (92, 21);
insert into ma (id_student, id_univerzita) values (97, 39);
insert into ma (id_student, id_univerzita) values (61, 71);
insert into ma (id_student, id_univerzita) values (16, 35);
insert into ma (id_student, id_univerzita) values (95, 84);
insert into ma (id_student, id_univerzita) values (95, 33);
insert into ma (id_student, id_univerzita) values (22, 2);
insert into ma (id_student, id_univerzita) values (4, 57);
insert into ma (id_student, id_univerzita) values (33, 36);
insert into ma (id_student, id_univerzita) values (64, 11);
insert into ma (id_student, id_univerzita) values (52, 37);
insert into ma (id_student, id_univerzita) values (58, 37);
insert into ma (id_student, id_univerzita) values (53, 55);
insert into ma (id_student, id_univerzita) values (13, 1);
insert into ma (id_student, id_univerzita) values (65, 29);

commit;